,date_received,postcode,intent,label,colour,form,consumption_method,effects,major,minor,latitude,longitude
W073678,13 Feb 2026,SA1,XANEX,XANEX,White,Tablet,Not Stated,Relaxed,Ethylbromazolam,,51.633979999999994,-3.94848
W073855,13 Feb 2026,SR4,DIAZEPAM,SEDIL DIAZEPAM 5MG,Orange,Tablet,Not Stated,Not Stated,Diazepam,,54.9004,-1.4255
W073841,13 Feb 2026,G83,DIAZEPAM,DIAZEPAM ACCORD 5MG,Yellow,Tablet,Not Stated,Not Stated,Diazepam,,56.03989166666666,-4.6006583333333335
W073887,13 Feb 2026,TA4,NITRAZEPAM 10MG,NITCENT NACENT LIFE SCIENCES ,White,Tablet,Not Stated,Not Stated,Nitrazepam,,51.08138936170213,-3.287942553191489
W064027,13 Feb 2026,EH11,APRAZOLAM 1MG,APRAZOLAM 1MG,White,Tablet,Oral,"Relaxed, Vomiting, Agitation",Bromazolam,,55.9326,-3.2531
W073817,13 Feb 2026,M28,DIAZEPAM,DIAZEPAM ACCORD 10MG,Blue,Tablet,Not Stated,Not Stated,Ethylbromazolam,,53.50606666666667,-2.3990666666666667
W073819,13 Feb 2026,M28,DIAZEPAM,GALENIKA BENSEDIN 10MG,White,Tablet,Not Stated,Not Stated,Diazepam,,53.50606666666667,-2.3990666666666667
W073638,13 Feb 2026,BS5,DIAZEPAM,SAME,Blue,Tablet,Oral,Not Stated,Ethylbromazolam,,51.462,-2.5519
W073807,13 Feb 2026,WF1,Alprazolam 1mg,Xanax 1mg,White,Tablet,Oral,"Relaxed, Memory Loss",Bromazolam,,53.69246666666667,-1.4771
W073812,13 Feb 2026,BN11,Diazepam ,diazepam ,White,Tablet,Not Stated,Not Stated,Diazepam,,50.81425,-0.38285
W073460,13 Feb 2026,WF1,Alprazolam ,Xanax 2mg,White,Tablet,Oral,"Euphoria, Relaxed, Memory Loss, Confusion, Suicidal Ideation",Ethylbromazolam,,53.69246666666667,-1.4771
W073534,13 Feb 2026,DN5,Temazepam 10mg,temazepam 10mg,White,Tablet,Oral,"Euphoria, Relaxed",Etizolam,,53.53578181818182,-1.229072727272727
W073808,13 Feb 2026,WF12,Diazepam 10mg,Diazepam 10mg,White,Tablet,Oral,Relaxed,Bromazolam,,53.68023333333334,-1.6275333333333333
W073462,13 Feb 2026,WF1,Diazepam 10mg,diazepam valium,Blue,Tablet,Not Stated,"Euphoria, Relaxed, Memory Loss",Ethylbromazolam,,53.69246666666667,-1.4771
W073781,13 Feb 2026,M44,Diazepam ,Martin dow,Blue,Tablet,Oral,Not Stated,Ethylbromazolam,,53.4425,-2.4232
W073848,13 Feb 2026,SY23,Diazepam,Diazepam,Blue,Tablet,Not Stated,Not Stated,Diazepam,,52.34458541666667,-3.9885
W073860,11 Feb 2026,BT47,Lorazpam,Lorazpam,Blue,Tablet,Not Stated,"Euphoria, Empathy, Relaxed",Lorazepam,,54.94983333333333,-7.084177777777778
W073859,11 Feb 2026,BT47,Alprazolam,Alprazolam alpzar 1mg,White,Tablet,Not Stated,"Euphoria, Empathy, Relaxed",Alprazolam,,54.94983333333333,-7.084177777777778
W073858,11 Feb 2026,BT47,Clonazepam,ritotril clonazepam,White,Tablet,Not Stated,"Euphoria, Increased Confidence, Empathy, Relaxed",Clonazepam,,54.94983333333333,-7.084177777777778
W073741,11 Feb 2026,OL42,Xanax,Not Stated,White,Tablet,Not Stated,Not Stated,Alprazolam,,53.54999999999999,-2.0667
W073805,11 Feb 2026,TF11,Diazepam,Valium,Blue,Tablet,Oral,No Effect,Diazepam,,52.64842631578947,-2.346763157894737
W073777,11 Feb 2026,SY21,Xanax,Alprax xr1,Orange,Tablet,Not Stated,Not Stated,Alprazolam,,52.670813513513515,-3.1976945945945947
W073788,11 Feb 2026,W8,Diazepam,Diazepam,White,Tablet,Not Stated,Not Stated,Diazepam,,51.501125,-0.1985
W073791,11 Feb 2026,W8,Diazepam 5mg,Diazepam 5mg,White,Tablet,Not Stated,Not Stated,Diazepam,,51.501125,-0.1985
W073768,11 Feb 2026,CO11,Diazepam 10mg,pepson diazepam 10mg,Blue,Tablet,Not Stated,Not Stated,Diazepam,,51.93195,1.0912416666666669
W073827,11 Feb 2026,HA63,Diazepam 10mg,Accord Daizepam,Blue,Tablet,Not Stated,Not Stated,Diazepam,,51.6116,-0.4230333333333333
W073765,11 Feb 2026,EN3,Diazepam,Martin dow valium,Blue,Tablet,Not Stated,Not Stated,Diazepam,,51.6445,-0.0465
W073775,11 Feb 2026,SY21,Martin dows,Martin dows diaz,Blue,Tablet,Not Stated,Not Stated,Diazepam,,52.670813513513515,-3.1976945945945947
W073724,11 Feb 2026,SA15,10mg diazepam,10mg diazepam,White,Tablet,Oral,"Euphoria, Relaxed",Diazepam,,51.74003,-4.187250000000001
W073774,11 Feb 2026,SY21,Loose blues,Diaz,Blue,Tablet,Not Stated,Not Stated,Clobromazolam,,52.670813513513515,-3.1976945945945947
W073789,11 Feb 2026,W8,Clonazepam 2mg,clonazepam neurazpharm 2mg,White,Tablet,Not Stated,Not Stated,Clonazepam,,51.501125,-0.1985
W073740,10 Feb 2026,OL42,Xanax,Alpzar,White,Tablet,Oral,"Euphoria, Increased Confidence, Relaxed, Paranoia, Confusion",Alprazolam,,53.54999999999999,-2.0667
W073770,10 Feb 2026,CO11,Diazepam 10mg,prodes diazepam 10mg,White,Tablet,Not Stated,Not Stated,Diazepam,,51.93195,1.0912416666666669
W073742,10 Feb 2026,OL42,Xanax,Aprazolam,White,Tablet,Not Stated,"Euphoria, Enhanced Senses, Relaxed, Memory Loss, Confusion, Agitation",Alprazolam,,53.54999999999999,-2.0667
W073754,10 Feb 2026,SY21,Ksalol xanax,ksalol,White,Tablet,Not Stated,Not Stated,Alprazolam,,52.670813513513515,-3.1976945945945947
W073621,10 Feb 2026,WN5,Diazepam,Valium (diazepam),Blue,Tablet,Oral,"Headache, Increased Energy, Insomnia",Diazepam,,53.497899999999994,-2.7081
W073648,10 Feb 2026,BT20,Diazepam,Bensedin 10mg diazepam,White,Tablet,Not Stated,Not Stated,Diazepam,,54.6534,-5.6689
W073800,10 Feb 2026,TR2,Diazepam 10mg,diazepam 10mg martin dow,Blue,Tablet,Not Stated,Not Stated,Diazepam,,50.22666071428572,-4.961603571428571
W073663,10 Feb 2026,OX41,Diazepam,Kern diazepam,"White, Blue",Tablet,Not Stated,Not Stated,Ethylbromazolam,,51.723725,-1.224375
W073720,10 Feb 2026,SA12,MSJ,Not Stated,Blue,,Oral,Not Stated,Ethylbromazolam,,51.61181666666667,-3.7703
W073710,10 Feb 2026,WC1,Alprazolam,ksalol,Blue,Tablet,Oral,Relaxed,Alprazolam,,51.525485714285715,-0.1222999999999999
W073683,10 Feb 2026,HG1,Diazepam,diazepam,White,Tablet,Oral,Relaxed,Ethylbromazolam,,53.99700000000001,-1.5357666666666667
W073568,10 Feb 2026,BN1,Valium/ diazpeam,Bensedin diazepam 10mg,White,Tablet,Oral,"Breathlesness, Chest Pains, Agitation, Dizziness",Ethylbromazolam,,50.8614,-0.1204166666666666
000236112,10 Feb 2026,CF63,Diazepam,Diazepam,Blue,Tablet,Not Stated,Not Stated,Diazepam,,51.4172,-3.2614
W067760,10 Feb 2026,KY11,Valium,Not Stated,Yellow,Tablet,Oral,"Euphoria, Relaxed",Diazepam,,56.037644444444446,-3.422588888888889
000235515,10 Feb 2026,NP12,Valium,Valium,Blue,Tablet,Not Stated,Not Stated,Diazepam,,51.6678,-3.2075
W073653,10 Feb 2026,M25,Diazepam,Valium,Blue,Tablet,Not Stated,Not Stated,Diazepam,,53.5333,-2.2833
W073651,10 Feb 2026,LS14,Alprazolam 2mg,alprazolam 2mg,White,Tablet,Oral,"Increased Energy, Increased Libido, Increased Strength, Irregular Heartbeat, Memory Loss, Paranoia, Confusion","Ethylbromazolam, Diazepam",,53.8486,-1.4444333333333332
W073687,10 Feb 2026,BT67,Diazepam,Pharmachoice-almus diazepam 10mg,Blue,Tablet,Not Stated,Not Stated,Diazepam,,54.48503333333334,-6.287166666666667
W073652,10 Feb 2026,LS14,Diazepam 10mg,Diazepam 10mg,Blue,Tablet,Oral,"Euphoria, Increased Confidence, Relaxed, Headache",Diazepam,,53.8486,-1.4444333333333332
W073657,10 Feb 2026,GU14,Diazepam,10mg martin dow,Blue,Tablet,Oral,"Euphoria, Increased Confidence, Relaxed",Diazepam,,51.2955,-0.7908
W073658,10 Feb 2026,GU14,Diazepam,Galenika 10mg,White,Tablet,Not Stated,Not Stated,Ethylbromazolam,,51.2955,-0.7908
W073667,10 Feb 2026,KY1,Diazepam,Not Stated,Blue,Tablet,Not Stated,Not Stated,Diazepam,,56.1345,-3.121411111111111
W073660,10 Feb 2026,GU14,Lorazepam,Lorazepam,White,Tablet,Oral,"Euphoria, Relaxed",Lorazepam,,51.2955,-0.7908
W073659,10 Feb 2026,GU14,Alprazolam,Ksala 1mg,Blue,Tablet,Oral,Euphoria,Ethylbromazolam,,51.2955,-0.7908
W073649,06 Feb 2026,LS14,Alprazolam 1mg,Alprazolam 1mg,White,Tablet,Not Stated,"Enhanced Senses, Increased Libido, Nausea, Depression",Ethylbromazolam,,53.8486,-1.4444333333333332
W083630,06 Feb 2026,G42,diazepam ,accord diazepam 10mg,Blue,Tablet,Oral,Not Stated,Ethylbromazolam,,55.8322,-4.2576
W073458,06 Feb 2026,PA67,diazepam,Diazepam 5mg,Yellow,Tablet,Oral,"Euphoria, Relaxed",Diazepam,,56.3143,-6.232785714285714
W073070,06 Feb 2026,CB2,Xanax,Galenika ksalol 1mg,White,Tablet,Oral,Relaxed,Alprazolam,,52.18965000000001,0.1240214285714285
W073273,06 Feb 2026,EH52,Diazepam 10mg,Valium (diazepam 10mg) ,Blue,Tablet,Oral,"Increased Energy, Increased Confidence, Relaxed, Memory Loss, Confusion, Insomnia",Diazepam,,55.9358,-3.4882625
W073531,06 Feb 2026,ME12,Lorazepam,Lorazepam HF 2.5mg HF-Hemofarm,Blue,,Oral,Relaxed,Lorazepam,,51.41452857142857,0.8513999999999999
W073530,06 Feb 2026,ME12,Diazepam,Valium (diazepam)10mg tablets,Blue,Tablet,Oral,"Relaxed, Confusion",Diazepam,,51.41452857142857,0.8513999999999999
W073142,06 Feb 2026,CB2,Alprazolam 1mg,Taska life sciences alprx-1,White,Tablet,Not Stated,Not Stated,Alprazolam,,52.18965000000001,0.1240214285714285
W073600,06 Feb 2026,W37,Zoplidem 10mg,zolpidem 10mg teva,White,Tablet,Oral,"Nausea, No Effect",Ethylbromazolam,,,
W073633,06 Feb 2026,KT3,Diazepam,Bensedin diazepam 10mg,White,Tablet,Oral,Relaxed,Diazepam,,51.3992,-0.2556
W073668,06 Feb 2026,NE32,Xanax,Bensedin,White,Tablet,Not Stated,Not Stated,Diazepam,,54.974050000000005,-1.4842499999999998
W073482,06 Feb 2026,AL4,Diazepam,diazepam,Blue,Tablet,Oral,"Increased Confidence, Relaxed",Diazepam,,51.776783333333334,-0.2842833333333333
W073603,06 Feb 2026,BT67,Diazepam,Not Stated,Blue,Tablet,Not Stated,Not Stated,Ethylbromazolam,,54.48503333333334,-6.287166666666667
W073643,06 Feb 2026,SO19,Alprazolam,Xanax / alprazolam 500mg,Pink,Tablet,Not Stated,Not Stated,Alprazolam,,50.8993,-1.3670749999999998
W073632,06 Feb 2026,S70,Diazepam,Diazepam,Blue,Tablet,Oral,"Euphoria, Empathy, Relaxed, Memory Loss, Depression",Ethylbromazolam,,53.53123333333334,-1.4773333333333334
W073604,06 Feb 2026,BT67,Diazepam ,mymedsgb- accord 10mg diazepam,Blue,Tablet,Not Stated,Not Stated,Methamphetamine,Ethylbromazolam,54.48503333333334,-6.287166666666667
W073580,06 Feb 2026,FK3,Valium,Diazepam 10mg,Blue,Tablet,Oral,"Relaxed, Memory Loss",Diazepam,,56.0114,-3.7218
W073576,06 Feb 2026,BN3,Diazepam 10mg,Diazepam 10m,Blue,Tablet,Not Stated,Not Stated,Diazepam,,50.836725,-0.179625
000023779,06 Feb 2026,CF63,valium,Not Stated,Blue,Tablet,Not Stated,Not Stated,Ethylbromazolam,,51.4172,-3.2614
W073543,06 Feb 2026,LS14,Xanax bar 1mg,xanax bar 1mg,White,Tablet,Not Stated,Not Stated,Ethylbromazolam,,53.8486,-1.4444333333333332
W073545,06 Feb 2026,LS14,Valium 10mg,Valium 10mg,Blue,Tablet,Not Stated,Not Stated,Diazepam,,53.8486,-1.4444333333333332
W073421,06 Feb 2026,SN3,Valium,valium,Blue,Tablet,Oral,Relaxed,Diazepam,,51.5892,-1.7194
W073566,06 Feb 2026,AL5,diazepam,diazepam,White,Tablet,Oral,Relaxed,Diazepam,,51.8168,-0.3571
W073509,06 Feb 2026,NW10,heroin,Not Stated,Grey,Powder,Snort / Sniff,"Euphoria, Increased Energy, Increased Confidence, Relaxed, Nausea, Vomiting, Confusion, Depression","Heroin, Noscapine, 6-MAM, 6-Acetylcodeine","Papaverine, Diazepam",51.53758571428572,-0.2431214285714285
W073519,06 Feb 2026,ML3,Xanax,xanax,White,Tablet,Not Stated,Not Stated,No Active Component Identified,,55.76254285714286,-4.045457142857143
W073578,06 Feb 2026,WA73,Temazepam,Not Stated,Yellow,Capsule,Not Stated,Not Stated,Methylclonazepam,,53.324125,-2.7118
W073577,06 Feb 2026,FK3,Lorazpam,Not Stated,White,Tablet,Oral,"Relaxed, Nausea",Nitrazepam,,56.0114,-3.7218
W073535,06 Feb 2026,NP19,Diazepam,Bensedin galenika diazepam,White,Tablet,Not Stated,Not Stated,Diazepam,,51.5888,-2.9638
W073338,06 Feb 2026,DN31,Alprazolam,alprazolam,Orange,Tablet,Oral,Relaxed,Alprazolam,,53.5702,-0.088
W073590,06 Feb 2026,TS01,Diazepam,martin dow,Blue,Tablet,Not Stated,Not Stated,Diazepam,,,
W073540,06 Feb 2026,LS14,Xanax 2mg,xanax 2mg,White,Tablet,Not Stated,Not Stated,Ethylbromazolam,,53.8486,-1.4444333333333332
W073428,06 Feb 2026,FK3,Diazepam,d/5 JHL,Yellow,Tablet,Oral,Relaxed,Diazepam,,56.0114,-3.7218
W073354,06 Feb 2026,CM1,Eppam clonazepam 2mg,Not Stated,White,Tablet,Not Stated,Not Stated,Clonazepam,,51.76435714285714,0.4079
W073554,06 Feb 2026,WF2,Heroin,Not Stated,Brown,Powder,Not Stated,Not Stated,"Heroin, Noscapine, 6-MAM, 6-Acetylcodeine, Diazepam","Papaverine, Paracetamol, Phenacetin, Caffeine",53.66534,-1.51568
W073555,06 Feb 2026,WF2,Xanax,Xanax,Green,Tablet,Not Stated,Not Stated,Bromazolam,,53.66534,-1.51568
W073551,06 Feb 2026,OL42,Diazepam 10mg,Diazepam 10mg,White,Tablet,Not Stated,Not Stated,Diazepam,,53.54999999999999,-2.0667
W073464,06 Feb 2026,TR2,Diazepam ,Martin dow Valium,Blue,Tablet,Not Stated,Not Stated,Diazepam,,50.22666071428572,-4.961603571428571
W073501,06 Feb 2026,TR2,Diazepam,Bensedin 10mg,Blue,Tablet,Not Stated,Not Stated,Alprazolam,,50.22666071428572,-4.961603571428571
W073553,03 Feb 2026,OL42,Xanax,Alpzar,White,Tablet,Not Stated,Not Stated,Alprazolam,,53.54999999999999,-2.0667
W073556,03 Feb 2026,OL42,Xanax,Alpzar,White,Tablet,Not Stated,Not Stated,Alprazolam,,53.54999999999999,-2.0667
W073445,03 Feb 2026,NE6,Diazepam,Bensedin,White,Tablet,Not Stated,Not Stated,Diazepam,,54.9775,-1.5656
000236213,03 Feb 2026,CF83,Xanax,Xanax Alprazolam,Pink,Tablet,Oral,"Euphoria, Relaxed",Alprazolam,,51.59288333333333,-3.2333833333333337
W073485,03 Feb 2026,GL53,Lorazepam,Lora-2,White,Tablet,Not Stated,Not Stated,Lorazepam,,51.8192,-2.05427
W073346,03 Feb 2026,CM1,Xanax,Not Stated,White,Tablet,Not Stated,Not Stated,Ethylbromazolam,,51.76435714285714,0.4079
W073486,03 Feb 2026,PL26,Diazepam,Galenika Bensedin Diazepam,White,Tablet,Not Stated,Not Stated,Diazepam,,50.34738918918919,-4.827086486486486
W073358,03 Feb 2026,PH1,Valium,Not Stated,Blue,Tablet,Not Stated,Not Stated,Bromazolam,,56.43174736842105,-3.4980552631578945
W073369,03 Feb 2026,SS0,Diazepam,Diazepam,Yellow,Tablet,Not Stated,Not Stated,Diazepam,,51.54745,0.6974
W073403,03 Feb 2026,GU16,Temazepam,Teva Temazepam,White,Tablet,Not Stated,Not Stated,Ethylbromazolam,,51.298275,-0.71955
000236845,03 Feb 2026,CF63,Bensedin,Bensedin,White,Tablet,Oral,Relaxed,Diazepam,,51.4172,-3.2614
000237880,03 Feb 2026,CF72,Diazepam,Accord Diazepam,Blue,Tablet,Oral,"Relaxed, Agitation",Bromazolam,,51.530146153846154,-3.408415384615384
000237884,03 Feb 2026,CF72,Diazepam,Diazepam Elipam,White,Tablet,Oral,"Relaxed, Paranoia, Agitation, Tiredness",Diazepam,,51.530146153846154,-3.408415384615384
W073542,03 Feb 2026,S70,Diazepam,Diazepam Accord,Blue,Tablet,Oral,"Euphoria, Empathy, Relaxed, Depression",Ethylbromazolam,,53.53123333333334,-1.4773333333333334
W073433,03 Feb 2026,BN10,Alprazolam,Alprazolam,Blue,Tablet,Not Stated,Not Stated,Alprazolam,,50.7927,-0.0065
W073491,03 Feb 2026,E97R,Alprazolam,Ksalol Alprazolam,Blue,Tablet,Not Stated,Not Stated,Ethylbromazolam,,,
W073287,03 Feb 2026,LE15,Clobromazolam Raw Powder,UK Logistics TOR,Yellow,Powder,Not Stated,Not Stated,Clobromazolam,,52.64713725490195,-0.6979862745098039
W073180,03 Feb 2026,SS0,Xanax,Xanax,Pink,Tablet,Not Stated,Not Stated,Alprazolam,,51.54745,0.6974
W073370,03 Feb 2026,SS0,Diazepam,Diazepam,Yellow,Tablet,Not Stated,Not Stated,Diazepam,,51.54745,0.6974
W073446,03 Feb 2026,NW10,Diazepam,Not Stated,White,Tablet,Not Stated,Not Stated,Diazepam,,51.53758571428572,-0.2431214285714285
W073448,03 Feb 2026,NW10,Diazepam,Not Stated,Blue,Tablet,Not Stated,Not Stated,Diazepam,,51.53758571428572,-0.2431214285714285
W073437,03 Feb 2026,YO43,Diazepam,Bensedin Galenika,White,Tablet,Oral,No Effect,Ethylbromazolam,,53.825199999999995,-0.64142
000236844,03 Feb 2026,CF10,Valium,Valium,Blue,Tablet,Oral,Not Stated,Diazepam,,51.48,-3.18
W073422,03 Feb 2026,SW1V,Alprazolam,Xanax tablets,White,Tablet,Oral,No Effect,Alprazolam,,51.5085,-0.1257
W073440,03 Feb 2026,NW1,Valium,Bensedin Galenika,White,Tablet,Not Stated,Not Stated,Diazepam,,51.52988181818182,-0.1471818181818182
W073402,03 Feb 2026,SA12,Valium,Bensedin,White,Tablet,Not Stated,Not Stated,Diazepam,,51.61181666666667,-3.7703
W073317,03 Feb 2026,CH5,Clonazepam,Clonazepam,White,Tablet,Not Stated,Not Stated,Clonazepam,,53.19930000000001,-3.03614
W073316,03 Feb 2026,CH5,Diazepam,Diazepam,Blue,Tablet,Not Stated,Not Stated,Ethylbromazolam,,53.19930000000001,-3.03614
W073418,03 Feb 2026,WA9,Diazepam,Roche Diazepam,Blue,Tablet,Not Stated,Not Stated,Diazepam,,53.426433333333335,-2.7348666666666666
W073442,03 Feb 2026,NW1,Valium,Martin Roche Valium,Blue,Tablet,Not Stated,Not Stated,Diazepam,,51.52988181818182,-0.1471818181818182
100004531,03 Feb 2026,WA14,Diazepam,ACCORD diazepam 10mg,Blue,Tablet,Oral,"Tiredness, Relaxed",Ethylbromazolam,,53.38524,-2.36554
W073394,03 Feb 2026,N8,Alprazolam,Alprazolam,White,Tablet,Not Stated,Not Stated,Tramadol,,51.58336666666667,-0.1158333333333333
W073441,03 Feb 2026,NW1,Diazepam ,martin roche valium,Blue,Tablet,Not Stated,Not Stated,Diazepam,,51.52988181818182,-0.1471818181818182
W073410,03 Feb 2026,W84B,Lorazepam 2mg,Not Stated,White,Tablet,Not Stated,Not Stated,Lorazepam,,,
W073414,03 Feb 2026,SA1,Diazepam 10mg,diazepam 10mg,Blue,Tablet,Oral,"Increased Confidence, Relaxed, Chest Pains, Irregular Heartbeat",Diazepam,,51.633979999999994,-3.94848
W073374,03 Feb 2026,HU3,10mg Diazepam,Galenika Bensedin Diazepam,White,Tablet,Not Stated,Not Stated,Diazepam,,53.7446,-0.3353
W073415,03 Feb 2026,SA1,Lorazepam 2mg,Lorazpem 2mg,Blue,Tablet,Oral,"Empathy, Relaxed, Irregular Heartbeat, Confusion",Lorazepam,,51.633979999999994,-3.94848
W073416,03 Feb 2026,SA1,Alprazolam xanax 1mg,Alprazolam xanax 1mg,Blue,Tablet,Not Stated,"Euphoria, Auditory Hallucinations, Relaxed, Paranoia, Memory Loss",Alprazolam,,51.633979999999994,-3.94848
W073427,03 Feb 2026,E8,Diazepam,Diazepam,Blue,Tablet,Oral,"Increased Confidence, Enhanced Senses, Relaxed, Memory Loss, Confusion",Diazepam,,51.548,-0.0629
W073439,03 Feb 2026,NW1,Diazepam,Accord,Yellow,Tablet,Not Stated,Not Stated,Diazepam,,51.52988181818182,-0.1471818181818182
W072425,03 Feb 2026,IP15,Diazepam,Diazepam (martin dow),Blue,Tablet,Oral,Anxiety,Diazepam,,52.1526,1.6012
W073430,03 Feb 2026,TS12,Alprazolam 1mg,Alprazolam 1mg,White,Tablet,Oral,"Chest Pains, Irregular Heartbeat, Paranoia, Confusion, Panic Attack",Tramadol,,54.5516,-0.963011111111111
W073434,03 Feb 2026,CF30,Xanax 1mg,Alprazolam 1mg,White,Tablet,Oral,"Increased Confidence, Relaxed",Tramadol,,51.5196,-3.1196
W073379,03 Feb 2026,OL42,diazepam 10,diazepam 10,White,Tablet,Oral,"Euphoria, Increased Confidence, Relaxed, Memory Loss",Diazepam,,53.54999999999999,-2.0667
W073392,03 Feb 2026,SA15,Diazepam,Not Stated,Blue,Tablet,Oral,Loss of consciousness,Ethylbromazolam,,51.74003,-4.187250000000001
W073084,03 Feb 2026,CH5,Diazepam,Not Stated,Blue,Tablet,Oral,"Increased Confidence, Relaxed",Ethylbromazolam,,53.19930000000001,-3.03614
W072981,03 Feb 2026,SA1,Sedil valium,sedil,Yellow,Tablet,Oral,No Effect,Diazepam,,51.633979999999994,-3.94848
W073381,03 Feb 2026,OL42,Xanax 1mg,Alpzar 1mg,White,Tablet,Oral,"Euphoria, Relaxed, Memory Loss",Tramadol,,53.54999999999999,-2.0667
W073323,03 Feb 2026,DE22,Diazepam,Kade diazepam 10mg,White,Tablet,Not Stated,Not Stated,Diazepam,,52.9531,-1.521125
W073192,03 Feb 2026,SE3,Diazepam,Diazepam accord 10mg,Blue,Tablet,Not Stated,Not Stated,Diazepam,,51.46596666666667,0.0175
W073329,03 Feb 2026,NE6,diazepam,Martin dow valium,Blue,Tablet,Not Stated,Not Stated,Diazepam,,54.9775,-1.5656
W073330,03 Feb 2026,SW17,Diazepam,Bensedin (diazepam),White,Tablet,Not Stated,Not Stated,Diazepam,,51.4307,-0.1647
W073281,03 Feb 2026,BS40,Clonzaepam rivotril 2mg,Clonazepam ritotril 2mg,White,Tablet,Not Stated,Not Stated,Clonazepam,,51.3467,-2.6912
W073233,03 Feb 2026,LS6,Alprazolam,Aprax xr2,Yellow,Tablet,Oral,"Increased Confidence, Relaxed",Alprazolam,,53.8201,-1.5704
W073350,03 Feb 2026,DH1,Diazepam,Accord diazepam 5mg,Yellow,Tablet,Not Stated,Not Stated,Diazepam,,54.77482,-1.56714
W073367,03 Feb 2026,W7,Alprazolam,Alprazolam,"White, Yellow",Tablet,Not Stated,Not Stated,Alprazolam,,51.5118,-0.3358999999999999
W073393,03 Feb 2026,N8,Diazepam,Diazepam,White,Tablet,Not Stated,Not Stated,Bromazolam,,51.58336666666667,-0.1158333333333333
W072980,03 Feb 2026,SA1,valium,MSJ,Blue,,Not Stated,Not Stated,Ethylbromazolam,,51.633979999999994,-3.94848
W073382,03 Feb 2026,OL42,Xanax 1mg,Alpzar 1mg,White,Tablet,Oral,"Euphoria, Relaxed, Memory Loss","Chlorpheniramine, Diazepam",,53.54999999999999,-2.0667
000239603,03 Feb 2026,NP23,Valium,Not Stated,White,Tablet,Not Stated,Not Stated,Ethylbromazolam,,51.7771,-3.2079
000238824,03 Feb 2026,CF83,Suspected valium,Valium diazepam,Blue,,Oral,"No Effect, Relaxed, Breathlesness",Ethylbromazolam,,51.59288333333333,-3.2333833333333337
000238823,03 Feb 2026,CF83,Suspected valium,valium,Blue,Tablet,Not Stated,"Relaxed, Breathlesness, Chest Pains",Ethylbromazolam,,51.59288333333333,-3.2333833333333337
W073342,03 Feb 2026,PR4,Diazepam,Accord Diazepam,Blue,Tablet,Not Stated,Not Stated,Ethylbromazolam,,53.755025714285715,-2.8387542857142853
W073254,03 Feb 2026,N16,Diazepam,Not Stated,White,Tablet,Not Stated,Not Stated,Diazepam,,51.5625,-0.074
W073294,03 Feb 2026,BN3,Diazepam,Diazepam,Blue,Tablet,Oral,"Relaxed, Memory Loss",Diazepam,,50.836725,-0.179625
W073270,03 Feb 2026,PR4,Diazepam 10mg,Bensedin,"White, Purple",Tablet,Oral,"Euphoria, Relaxed, Breathlesness, Paranoia, Loss of consciousness, Agitation",No Active Component Identified,,53.755025714285715,-2.8387542857142853
W073271,03 Feb 2026,PR4,Diazepam 10mg,Diazpam 10mg,White,Tablet,Oral,"Euphoria, Relaxed",Ethylbromazolam,,53.755025714285715,-2.8387542857142853
W073274,03 Feb 2026,SK23,valium,diazepam,White,Tablet,Not Stated,Not Stated,Diazepam,,53.33156666666667,-1.9448333333333336
W073313,03 Feb 2026,E3,Xanax/ alprazolam,Not Stated,White,Tablet,Not Stated,Not Stated,"Bromazolam, Tramadol",,51.527657142857144,-0.0265714285714285
W073311,03 Feb 2026,E34,Valium diazpeam,Not Stated,Blue,Tablet,Not Stated,Not Stated,Ethylbromazolam,,,
W073259,26 Jan 2026,FY3,Valium,Not Stated,Blue,Tablet,Not Stated,Not Stated,Alprazolam,,53.8119,-3.0226
W072942,28 Jan 2026,SE13,Diazepam 10mg,Diazepam 10mg,Blue,Tablet,Not Stated,Not Stated,Diazepam,,51.4643,-0.0119
W073345,28 Jan 2026,NP20,valium/diazepam,bensedin,White,Tablet,Not Stated,Not Stated,Diazepam,,51.5877,-2.9984
W073307,28 Jan 2026,BN11,Diazepam (valiume),Diazepam (valiume),Blue,Tablet,Oral,Relaxed,Diazepam,,50.81425,-0.38285
W073333,28 Jan 2026,CW9,Valium,martin dow ,Blue,Tablet,Not Stated,Not Stated,Diazepam,,53.264406666666666,-2.5003200000000003
W073292,28 Jan 2026,WV10,Diazepam,Crescent diazepam 10mg,Blue,Tablet,Not Stated,Not Stated,Diazepam,,52.651114285714286,-2.101428571428571
W073223,28 Jan 2026,DD4,Diazepam ,Not Stated,White,Tablet,Oral,"Euphoria, Increased Energy, Increased Confidence, Increased Stamina, Increased Strength, Relaxed, Memory Loss, Confusion, Panic Attack",Bromazolam,,56.490550000000006,-2.9407833333333335
W073213,26 Jan 2026,TS18,wobbly eggs,remestan,Colourless,,Oral,"Empathy, Auditory Hallucinations, Relaxed, Breathlesness, Chest Pains, Irregular Heartbeat, Nausea, Vomiting, Paranoia, Memory Loss, Confusion, Panic Attack, Agitation",Temazepam,,54.5613,-1.3243
W073249,28 Jan 2026,PA11,diazepam,5mg diazepam,Yellow,Tablet,Oral,"Increased Energy, Increased Confidence, Enhanced Senses, Increased Strength, Empathy, Irregular Heartbeat, Memory Loss, Confusion, Agitation, Insomnia",Diazepam,,55.85,-4.5833
W073131,28 Jan 2026,NG10,diazepam,valium,Blue,Tablet,Not Stated,Not Stated,Diazepam,,52.901475,-1.287175
W073121,28 Jan 2026,EX39,Diazepam 10mg,Diazepam 10mg,Blue,Tablet,Oral,"Increased Energy, Empathy, Relaxed",Diazepam,,50.99405869565218,-4.261958695652174
W073188,28 Jan 2026,E2,Diazepam 10mg,accord Diazepam 10mg,Blue,Tablet,Oral,Relaxed,Diazepam,,51.5386,-0.055525
W073037,28 Jan 2026,N8,diazepam,Elikem elipam,White,Tablet,Not Stated,Not Stated,Diazepam,,51.58336666666667,-0.1158333333333333
W073251,28 Jan 2026,HA3,Alprazolam,Ksalol galenika,White,Tablet,Not Stated,Not Stated,Alprazolam,,51.59936666666667,-0.3307333333333333
W073286,28 Jan 2026,DG1,Diazepam 5mg,Diazepam 5mg (protarma),White,Tablet,Not Stated,Not Stated,Diazepam,,55.0743962962963,-3.5466296296296296
W073201,28 Jan 2026,CM23,diazepam,martin dow valium,Blue,Tablet,Not Stated,Not Stated,Diazepam,,51.89539,0.15618
W073216,28 Jan 2026,BD4,Diazepam ,valium 10mg,Blue,Tablet,Oral,Not Stated,Diazepam,,53.770725,-1.729375
000231927,28 Jan 2026,SY22,Diazepam 10mg,Bensedin,White,Tablet,Oral,"Increased Confidence, Increased Stamina, Increased Libido, Increased Strength, Confusion",Ethylbromazolam,,52.72475,-3.2291958333333337
W073252,28 Jan 2026,HA3,Alprazolam,Ksalol galenika,White,Tablet,Not Stated,Not Stated,Alprazolam,,51.59936666666667,-0.3307333333333333
W073221,28 Jan 2026,GU16,temazepam,teva temazepam 20mg,White,Tablet,Not Stated,Not Stated,Ethylbromazolam,,51.298275,-0.71955
W073298,28 Jan 2026,NW5,Zolpidem,Zoplidem,White,Tablet,Oral,Not Stated,Ethylbromazolam,,51.5517,-0.1413
000234124,28 Jan 2026,NP20,Diazepam,Not Stated,White,Tablet,Not Stated,Not Stated,Diazepam,,51.5877,-2.9984
000234131,28 Jan 2026,NP20,Unknown,Not Stated,White,Tablet,Not Stated,Not Stated,Diazepam,,51.5877,-2.9984
W073234,28 Jan 2026,AB25,Diazepam,diazepam,White,Tablet,Not Stated,Not Stated,Diazepam,,57.1437,-2.0981
W073119,28 Jan 2026,RG31,Diazepam,Diazepam (accord),Yellow,Tablet,Oral,"Relaxed, No Effect",Diazepam,,51.4513,-1.046266666666667
W068911,28 Jan 2026,NE29,alprazolam 1mg,Ksaol alprazolam 1mg galenika pharmacuticals,Blue,Tablet,Not Stated,Not Stated,Alprazolam,,55.0165,-1.4493
W073197,28 Jan 2026,E18,Alprazolam,ER Pfizer Xanax Xr-2mg,White,Tablet,Oral,"Euphoria, Relaxed, Memory Loss",Ethylbromazolam,,51.5923,0.0225
W073172,28 Jan 2026,CO11,diazepam 10mg,Bensein tablet 10mg galenika,White,Tablet,Not Stated,Not Stated,Ethylbromazolam,,51.93195,1.0912416666666669
W073134,26 Jan 2026,SA1,Xanax,Ksalol,White,Tablet,Not Stated,Not Stated,Alprazolam,,51.633979999999994,-3.94848
W073129,26 Jan 2026,AL5,Diazepam,Diazepam (bensedin 10mg),White,Tablet,Oral,Relaxed,Diazepam,,51.8168,-0.3571
W073222,26 Jan 2026,E9,Diazepam,diazepam,White,Tablet,Not Stated,Not Stated,Diazepam,,51.5394,-0.0414
W073167,26 Jan 2026,DD8,Alprazolam,Alprazolam (rlam-1),White,Tablet,Not Stated,Not Stated,Alprazolam,,56.61369895833334,-2.9763291666666665
W073164,26 Jan 2026,TD9,diazepam,Diazepam,White,Tablet,Oral,"Euphoria, Relaxed",Diazepam,,55.39354782608696,-2.707571739130435
W073125,26 Jan 2026,LL11,Xanax ( alprazolam),Not Stated,White,Tablet,Not Stated,Not Stated,Ethylbromazolam,,53.064506666666674,-3.052973333333333
W073150,26 Jan 2026,D11,Xanax /alprazolam,Rlam,White,Tablet,Not Stated,Not Stated,Methylclonazepam,,,
W073113,26 Jan 2026,W3,Xanax,Maprazax/ alprazolam,Grey,Tablet,Oral,Not Stated,Alprazolam,,51.51048333333333,-0.2657166666666666
W073103,26 Jan 2026,NP20,Xanax,Not Stated,Grey,Tablet,Oral,Not Stated,Alprazolam,,51.5877,-2.9984
W073144,26 Jan 2026,LD8,valium,Diazepam,White,Tablet,Oral,Relaxed,Diazepam,,52.262570833333335,-3.0537541666666663
W073116,26 Jan 2026,LO8,Valium,Diazepam,Blue,Tablet,Oral,Relaxed,Diazepam,,,
W073136,26 Jan 2026,SA12,valium,Bensedin,White,Tablet,Not Stated,Not Stated,Diazepam,,51.61181666666667,-3.7703
W073046,26 Jan 2026,TR18,Diazepam,Diazepam,Blue,Tablet,Not Stated,Not Stated,Diazepam,,50.120720000000006,-5.537180000000001
W073138,26 Jan 2026,PL18,Diazepam,Valium (diazepam),Blue,Tablet,Oral,Relaxed,Diazepam,,50.5103,-4.209883333333334
W073143,26 Jan 2026,SW33,Diazepam 10mg,diazepam 10mg,White,Tablet,Oral,No Effect,Ethylbromazolam,,51.487975000000006,-0.165875
W073117,26 Jan 2026,LD8,Valium,Not Stated,Yellow,Tablet,Oral,"Relaxed, Anxiety",Diazepam,,52.262570833333335,-3.0537541666666663
000239602,26 Jan 2026,NP1,Valium ,valium 10mg,Blue,Tablet,Oral,"Increased Energy, Increased Confidence, Relaxed",Diazepam,,,
W073212,26 Jan 2026,WA4,Diazepam 10mg,Martin dow diazepam,Blue,Tablet,Oral,"Increased Confidence, Nausea",Diazepam,,53.34801875,-2.583875
W073202,26 Jan 2026,B32,Diazepam ,Martin dow Valium,Blue,Tablet,Not Stated,Not Stated,Diazepam,,52.4326,-1.99735
W073156,26 Jan 2026,BH14,Diazepam,Diazepam,Blue,Tablet,Not Stated,Not Stated,Diazepam,,50.7299,-1.9449
W073184,26 Jan 2026,SE14,Diazepam,Diazepam,Blue,Tablet,Not Stated,Not Stated,Diazepam,,51.47646666666666,-0.0322333333333333
W073165,26 Jan 2026,M263,Diazepam 10mg,MSJ 10mg Diazepam,Blue,Tablet,Not Stated,Not Stated,Ethylbromazolam,,53.55,-2.3333
000236824,26 Jan 2026,CF63,diazepam,Not Stated,Blue,Tablet,Oral,Chest Pains,Diazepam,,51.4172,-3.2614
W073166,26 Jan 2026,M263,Xanax 1mg,Xanax 1mg,White,Tablet,Not Stated,Not Stated,Ethylbromazolam,,53.55,-2.3333
W073122,26 Jan 2026,KA14,Xanax (alprazolam),Xanax (alprazolam),Pink,Tablet,Not Stated,Not Stated,Alprazolam,,55.7393,-4.6776
W073064,26 Jan 2026,ML66,Valium 10mg,valium matrin dow,Blue,Tablet,Oral,Relaxed,Diazepam,,55.876992307692305,-3.925407692307692
W073066,26 Jan 2026,ML66,Valium martin dow,10mg diazepam,Blue,Tablet,Not Stated,Not Stated,Diazepam,,55.876992307692305,-3.925407692307692
W073065,26 Jan 2026,ML66,valium martin dow,10mg diazepam valium,Blue,Tablet,Not Stated,Not Stated,Diazepam,,55.876992307692305,-3.925407692307692
W073071,26 Jan 2026,ML66,Lorazepam 2mg,"lorazepam 2mg, lora-2",White,Tablet,Not Stated,Not Stated,Lorazepam,,55.876992307692305,-3.925407692307692
W073072,26 Jan 2026,ML66,Lorazepam 2mg,Lorazepam 2mg Lora-2,White,Tablet,Not Stated,Not Stated,Lorazepam,,55.876992307692305,-3.925407692307692
W073106,26 Jan 2026,ML66,10mg valium,10mg valium martin dow,Blue,Tablet,Not Stated,Not Stated,Diazepam,,55.876992307692305,-3.925407692307692
W073107,26 Jan 2026,ML66,10mg valium,10mg valium martin dow,Blue,Tablet,Not Stated,Not Stated,Diazepam,,55.876992307692305,-3.925407692307692
W073108,26 Jan 2026,ML66,10mg valium,valium 10mg martin dow,Blue,Tablet,Not Stated,Not Stated,Diazepam,,55.876992307692305,-3.925407692307692
W073102,26 Jan 2026,BN25,Valium,Martin dow,Blue,Tablet,Oral,Relaxed,"Metonitazene, Bromazolam",,50.7807,0.095625
000238680,26 Jan 2026,NP22,diazepam,Diazepam,Blue,Tablet,Oral,"Visual Hallucinations, Breathlesness, Chest Pains, Memory Loss, Loss of consciousness",Diazepam,,51.7725,-3.2468
W073086,26 Jan 2026,CH35,Diazepam,Bensedin galenika 10mg,White,Tablet,Oral,Not Stated,Diazepam,,53.154448571428574,-2.80734
W073075,26 Jan 2026,EH48,Heroin,Not Stated,Brown,Powder,Snort / Sniff,Overdose,"Noscapine, Paracetamol, Diazepam, Caffeine, Etonitazene, Heroin","6-MAM, Papaverine",55.91305714285714,-3.6746285714285714
W073054,26 Jan 2026,B14,Clonazepam,Galenika clonazepam 2mg,White,Tablet,Not Stated,Not Stated,Clonazepam,,52.4174,-1.8898
W073026,26 Jan 2026,CR01,Xanax,Ksalol xanax 1mg,Blue,Tablet,Not Stated,Not Stated,Alprazolam,,51.3703,-0.060975
W073056,26 Jan 2026,B14,Clonazepam,ritotril 2mg (radiant pharma),White,Tablet,Not Stated,Not Stated,Clonazepam,,52.4174,-1.8898
W073011,26 Jan 2026,DE22,10mg Diazepam,Diazepam 10mg kade 10,White,Tablet,Not Stated,Not Stated,Diazepam,,52.9531,-1.521125
W072961,23 Jan 2026,BT28,MSJ,MSJ,Yellow,Tablet,Not Stated,Increased Strength,Methylclonazepam,,54.5421,-6.1562
W073008,23 Jan 2026,NG18,Diazepam 10mg,Galenika bensedin bl4cksven ,White,Tablet,Oral,"Increased Confidence, Relaxed, Memory Loss",Diazepam,,53.1333,-1.2
000236829,23 Jan 2026,CF64,Xanax,alprazolam,White,Tablet,Not Stated,Relaxed,Alprazolam,,51.42878,-3.21045
W073041,23 Jan 2026,SA43,Diazepam,Diazepam,Blue,Tablet,Not Stated,Not Stated,Bromazolam,Metonitazene,52.07603076923077,-4.6376
000236826,23 Jan 2026,CF64,diazepam 10mg,Bensedin,White,Tablet,Not Stated,No Effect,Bromazolam,,51.42878,-3.21045
000239601,23 Jan 2026,CF10,Valium,Valium,Blue,Tablet,Oral,Not Stated,Ethylbromazolam,Bromazolam,51.48,-3.18
W072508,23 Jan 2026,BT16,Alprazolam,Alprazolam,White,Tablet,Not Stated,Not Stated,Alprazolam,,54.58765,-5.8656500000000005
W073059,23 Jan 2026,PA12,Blues,Bensedin,White,Tablet,Not Stated,Not Stated,Diazepam,,55.7952,-4.6303
000236469,23 Jan 2026,NP4,Diazepam,Not Stated,Blue,Tablet,Oral,Not Stated,Ethylbromazolam,,51.718515789473685,-3.030521052631579
000237878,23 Jan 2026,CF41,Diazepam,Not Stated,Blue,Tablet,Oral,"Paranoia, Confusion",Ethylbromazolam,,51.6543,-3.4913
W072984,23 Jan 2026,SE4,Diazepam,Diazepam wispa,Blue,Tablet,Not Stated,Not Stated,Diazepam,,51.46099999999999,-0.0352
W072987,23 Jan 2026,M16,Alprazolam,Ksalol,Blue,Tablet,Not Stated,Not Stated,Ethylbromazolam,,53.4551,-2.2645
W072986,23 Jan 2026,M16,Diazepam,martin dows,Blue,Tablet,Not Stated,Not Stated,Diazepam,,53.4551,-2.2645
W072864,23 Jan 2026,SE15,valium,valium,Blue,Tablet,Not Stated,Not Stated,Diazepam,,51.470175,-0.060325
W071540,23 Jan 2026,ST16,Diazepam 10mg,Diazepam 10mg accord,Blue,Tablet,Not Stated,Not Stated,Diazepam,,52.8052,-2.1164
W071542,23 Jan 2026,ST16,Diazepam 10mg,Diazepam 10mg accord,Blue,Tablet,Not Stated,Not Stated,Diazepam,,52.8052,-2.1164
W073042,23 Jan 2026,SA11,Diazepam,MSJ,Blue,Tablet,Oral,Relaxed,Ethylbromazolam,,51.70800714285714,-3.6944071428571426
W071544,23 Jan 2026,ST16,Diazepam 10mg accord,diazepam 10mg accord,Blue,Tablet,Not Stated,Not Stated,Diazepam,,52.8052,-2.1164
W067941,23 Jan 2026,NR4,Alprazolam,Alprazolam,Yellow,Tablet,Not Stated,Not Stated,Alprazolam,,52.61646,1.24368
W073047,23 Jan 2026,BS6,Diazepam 10mg,Diazepam 10mg,Blue,Tablet,Oral,Relaxed,Diazepam,,51.465599999999995,-2.599066666666667
W071543,23 Jan 2026,ST16,diazepam 5mg accord,diazepam 5mg accord,Yellow,Tablet,Not Stated,Not Stated,Diazepam,,52.8052,-2.1164
W073021,23 Jan 2026,PA67,Diazepam 10mg,diazepam 10mg,Blue,Tablet,Oral,"Euphoria, Increased Energy, Increased Confidence, Empathy",Diazepam,,56.3143,-6.232785714285714
W073048,23 Jan 2026,BS6,Diazepam 10mg,Diazepam 10mg,Blue,Tablet,Oral,Relaxed,Diazepam,,51.465599999999995,-2.599066666666667
000236459,23 Jan 2026,NP4,Diazepam,Diazepam,Blue,Tablet,Not Stated,Not Stated,Diazepam,,51.718515789473685,-3.030521052631579
W072951,23 Jan 2026,NN56,Diazepam 5mg,Accord diazepam 5mg,Yellow,Tablet,Oral,"Euphoria, Increased Energy, Increased Confidence, Relaxed",Diazepam,,52.242575,-0.93795
W072926,23 Jan 2026,CA48,Diazepam,martin dow pakistani diazepam,Black,Tablet,Not Stated,Not Stated,Diazepam,,54.845034375,-2.7998625
W072881,23 Jan 2026,OX26,Xanax,Xanax,White,Tablet,Not Stated,Not Stated,"Caffeine, Clobromazolam",,51.9,-1.1536
W072903,23 Jan 2026,CF45,Diazepam,Diazepam,Blue,Tablet,Not Stated,Relaxed,Diazepam,,51.66452,-3.3537
W072897,23 Jan 2026,PL97,Midazolam 7.5mg,Midazolam benquil 7.5mg,White,Tablet,Oral,"Relaxed, Memory Loss, Confusion",Midazolam,,50.34709090909091,-4.0945
W072876,23 Jan 2026,NN56,Accord Diazepam,Accord Diazepam,Yellow,Tablet,Oral,"Euphoria, Increased Confidence, Enhanced Senses",Diazepam,,52.242575,-0.93795
100004527,23 Jan 2026,,Unknown,Not Stated,,,Not Stated,Not Stated,Alprazolam,,0,0
W072971,23 Jan 2026,TN35,Alprazolam,ksalol alprazolam 1mg,Blue,Tablet,Not Stated,Not Stated,Alprazolam,,50.88907777777777,0.6249888888888889
W072855,19 Jan 2026,CF14,Clonazepam,Clonazepam alissa 2mg,White,Tablet,Not Stated,Not Stated,Clonazepam,,51.5199,-3.204
W072976,19 Jan 2026,PA23,benzodiazepam 10mg,valium 10mg martin dow,Blue,Tablet,Oral,"Itching, Relaxed",Diazepam,,55.988997142857144,-4.98592
000236830,19 Jan 2026,CF63,Midazolam,7.5mg,White,Capsule,Oral,"Relaxed, Confusion, Panic Attack",Midazolam,,51.4172,-3.2614
W072983,19 Jan 2026,G40,Diazepam,Not Stated,Blue,Tablet,Oral,"Relaxed, Memory Loss, Depression",Bromazolam,,55.8485,-4.2235
000234771,19 Jan 2026,CF37,Valium,Valium,Blue,Tablet,Oral,"Relaxed, Breathlesness, Paranoia, Confusion, Loss of consciousness",Ethylbromazolam,,51.613815384615386,-3.3598076923076925
W072645,19 Jan 2026,HU3,Diazepam 5mg,accord 5mg diazepam,Yellow,Tablet,Not Stated,Not Stated,Diazepam,,53.7446,-0.3353
W072834,19 Jan 2026,SE16,Xanax Alprazolam 0.5mg,Not Stated,Pink,Tablet,Not Stated,Not Stated,Alprazolam,,51.49742,-0.0528
W072895,19 Jan 2026,EH52,Street diazepam,Not Stated,White,Tablet,Oral,Not Stated,Paracetamol,Etizolam,55.9358,-3.4882625
W072910,19 Jan 2026,DD83,Xanax,Not Stated,Orange,Tablet,Not Stated,Not Stated,Alprazolam,,56.61369895833334,-2.9763291666666665
W072816,19 Jan 2026,ML3,Valium,valium,White,Tablet,Oral,"Increased Confidence, Increased Stamina, Empathy, Relaxed, Memory Loss",Clonazolam,,55.76254285714286,-4.045457142857143
W072851,19 Jan 2026,UB5,Xanax,Xanax,Red,Tablet,Oral,"Increased Confidence, Relaxed, Memory Loss",Caffeine,Rilmazafone,51.5486,-0.3678
W072868,19 Jan 2026,S40,diazepam,Diazepam 5mg (teva),Yellow,Tablet,Not Stated,Not Stated,Diazepam,,53.234,-1.4462
000234118,19 Jan 2026,NP20,Diazepam,Not Stated,White,Tablet,Not Stated,Not Stated,Diazepam,Phenacetin,51.5877,-2.9984
W072892,19 Jan 2026,BN6,klonazepam,Rivotril galenika klonazepam,White,Tablet,Not Stated,Not Stated,Clonazepam,,50.92262,-0.14494
W072783,19 Jan 2026,E2,Alprazolam,alprazolam,White,Tablet,Oral,No Effect,UR-144,,51.5386,-0.055525
W072675,19 Jan 2026,S11,heroin,heroin,Brown,Powder,Smoked,"Euphoria, Empathy, Auditory Hallucinations, Relaxed, Chest Pains, Nausea, Confusion, Panic Attack, Agitation, Insomnia","Heroin, Noscapine, 6-Acetylcodeine, 6-MAM","Papaverine, Diazepam",53.3608,-1.5084
W072676,19 Jan 2026,S11,Heroin,heroin,Brown,Powder,Smoked,"Euphoria, Increased Confidence, Empathy, Auditory Hallucinations, Relaxed, Loss of consciousness","Heroin, Noscapine, 6-MAM, 6-Acetylcodeine","Diazepam, Papaverine, Paracetamol, Phenacetin, Caffeine",53.3608,-1.5084
W072869,19 Jan 2026,M14,Diazepam,Accord Diazepam,Blue,Tablet,Not Stated,Not Stated,Ethylbromazolam,,53.4482,-2.2257
W072830,15 Jan 2026,DD1,DIAZEPAM,Not Stated,White,Tablet,Not Stated,Not Stated,Medetomidine,,56.461,-2.9766
W072723,15 Jan 2026,PR3,CLONAZEPAM,GALENIKA RIVO 2MG,White,Tablet,Not Stated,Not Stated,Clonazepam,,53.903882857142854,-2.707102857142857
W072810,15 Jan 2026,BN25,VALIUM,MARTIN DOW,Blue,Tablet,Not Stated,Not Stated,"Metonitazene, Bromazolam",,50.7807,0.095625
W072693,15 Jan 2026,KA14,Diazepam,Not Stated,,,Not Stated,Not Stated,Diazepam,,55.7393,-4.6776
W072778,15 Jan 2026,BR2,Zolpidem,Zolpidem Teva,White,Tablet,Oral,No Effect,Ethylbromazolam,,51.370025,0.02375
W072779,15 Jan 2026,BR2,Diazepam,Bensedin (Diazepam),White,Tablet,Oral,No Effect,"Ethylbromazolam, Bromazolam",,51.370025,0.02375
W072639,15 Jan 2026,HA3,Xanax,Ksalol Galenika,White,Tablet,Not Stated,Not Stated,Alprazolam,,51.59936666666667,-0.3307333333333333
W072638,15 Jan 2026,HA3,Xanax,Ksalol Galenika,White,Tablet,Not Stated,Not Stated,Alprazolam,,51.59936666666667,-0.3307333333333333
W072714,15 Jan 2026,N14,Valium,accord Diazepam,Blue,Tablet,Not Stated,Not Stated,Ethylbromazolam,,51.63298,-0.13062
W072766,15 Jan 2026,CW9,Alprazolam,Ksalol,Blue,Tablet,Not Stated,Not Stated,Alprazolam,,53.264406666666666,-2.5003200000000003
W072715,15 Jan 2026,N14,Rivotril,Not Stated,White,Tablet,Not Stated,Not Stated,Ethylbromazolam,,51.63298,-0.13062
W072685,15 Jan 2026,LA2,Klonopin,Galenika,White,Tablet,Not Stated,Not Stated,Clonazepam,,54.05346590909091,-2.6209113636363637
W072687,13 Jan 2026,LA2,klonopin,galenika,White,Tablet,Not Stated,Not Stated,Clonazepam,,54.05346590909091,-2.6209113636363637
W072786,13 Jan 2026,G74,etizolam,Not Stated,White,Powder,Oral,No Effect,Ethylbromazolam,,55.76583333333334,-4.1700333333333335
W072785,13 Jan 2026,G74,alprazolam,ALP,White,Powder,Oral,"Euphoria, Relaxed",Ethylbromazolam,,55.76583333333334,-4.1700333333333335
W072686,13 Jan 2026,LA2,klonopin,galenika,White,Tablet,Not Stated,Not Stated,Clonazepam,,54.05346590909091,-2.6209113636363637
W072666,13 Jan 2026,PR7,clonazepam,clonazepam neuraxpharm 2mg,White,Tablet,Not Stated,Not Stated,Clonazepam,,53.64461428571428,-2.6670142857142856
W072702,13 Jan 2026,RG12,diazepam,martin dow,Blue,Tablet,Not Stated,Not Stated,Diazepam,,51.4007,-0.7635
W072703,13 Jan 2026,RG12,diazepam,martin dow,Blue,Tablet,Not Stated,Not Stated,Diazepam,,51.4007,-0.7635
W072597,13 Jan 2026,RM13,CLONAZEPAM,CLONAZEPAM,White,Tablet,Not Stated,Not Stated,Clonazepam,,51.5223,0.1936999999999999
W072567,13 Jan 2026,DH1,diazepam,accord diazepam 5mg,Yellow,Tablet,Not Stated,Not Stated,Diazepam,,54.77482,-1.56714
W072663,13 Jan 2026,L8,diazepam,accord diazepam tablets ,White,Tablet,Not Stated,Not Stated,Diazepam,,53.4106,-2.9779
W072522,13 Jan 2026,BT51,diazepam ,martin dow diazepam,Blue,Tablet,Not Stated,Not Stated,Diazepam,,55.064172727272734,-6.6975181818181815
W072647,13 Jan 2026,LA13,clonazpeam,galenika rivotril,White,Tablet,Not Stated,Not Stated,Clonazepam,,54.11367142857143,-3.193485714285714
W072700,13 Jan 2026,BT47,clorazepam,clorazepam rivotril 2mg,White,Tablet,Oral,"Euphoria, Relaxed",Clonazepam,,54.94983333333333,-7.084177777777778
W072545,13 Jan 2026,NE27,diazepam 10mg,bensedin 10mg (diazepam),White,Tablet,Oral,"Increased Confidence, Empathy, Relaxed, Agitation",Diazepam,,55.0339,-1.51085
W072622,13 Jan 2026,NE35,zopiclone,Not Stated,White,Tablet,Not Stated,Not Stated,Diazepam,,54.9503,-1.469
W072621,13 Jan 2026,NE35,valium,Not Stated,White,Tablet,Not Stated,Not Stated,Diazepam,,54.9503,-1.469
W072682,13 Jan 2026,BH14,Diazepam,Diazepam-10,White,Tablet,Not Stated,Not Stated,Diazepam,,50.7299,-1.9449
W072630,13 Jan 2026,W7,alprazolam,alprazolam,Blue,Tablet,Not Stated,Not Stated,Ethylbromazolam,,51.5118,-0.3358999999999999
W072629,13 Jan 2026,CH65,Clonazepam,ritotril 2mg,White,Tablet,Not Stated,"Euphoria, Confusion",Clonazepam,,53.2787,-2.9013
W072667,13 Jan 2026,PR7,diazepam,diazepam 10mg teva,Blue,Tablet,Not Stated,Not Stated,Diazepam,,53.64461428571428,-2.6670142857142856
W072708,13 Jan 2026,CV9,Diazepam,Diazepam valium,Blue,Tablet,Oral,"No Effect, Agitation",Diazepam,,52.593988888888894,-1.561288888888889
W072631,13 Jan 2026,CH65,Clonazepam 2mg,pase 2 BP2 me,Yellow,Tablet,Oral,"Euphoria, Confusion",Clonazepam,,53.2787,-2.9013
W072517,13 Jan 2026,RG18,Diazepam,teva 10mg diazepam,Blue,Tablet,Oral,"Empathy, Relaxed",Diazepam,,51.4469,-1.244711111111111
W072596,13 Jan 2026,TN22,Diazepam 5mg,Valium 5mg,White,Tablet,Oral,Relaxed,Diazepam,,50.97995714285714,0.0973238095238095
W072595,13 Jan 2026,TN22,Diazepam valium 10mg,valium 10mg,White,Tablet,Oral,Not Stated,Diazepam,,50.97995714285714,0.0973238095238095
W072501,13 Jan 2026,NG86,diazepam,teva diazepam 10mg,Blue,,Not Stated,Not Stated,Diazepam,,52.9648,-1.2132
W072690,13 Jan 2026,TS80,Diazepam,Bensedin 10mg,White,Tablet,Not Stated,Not Stated,Diazepam,,54.51546,-1.24278
000234330,13 Jan 2026,CF10,Diazepam 10mg,Diazepam 10mg,Blue,Tablet,Not Stated,Relaxed,Ethylbromazolam,,51.48,-3.18
W068910,13 Jan 2026,NE29,ksalol aprazolam 1mg ,alprazolam galenika pharmacaticacs,Blue,Tablet,Not Stated,Not Stated,Alprazolam,,55.0165,-1.4493
W072534,13 Jan 2026,ML3,Diazepam,bensedin 10mg,White,Tablet,Oral,"Increased Confidence, Relaxed, Memory Loss",Diazepam,,55.76254285714286,-4.045457142857143
W072603,13 Jan 2026,FK7,valium,Valium,Blue,Tablet,Oral,"Relaxed, Breathlesness, Nausea, Confusion, Insomnia, Stomach pains, Dry nose",Ethylbromazolam,,56.0861125,-3.9108875
W072648,13 Jan 2026,LA13,Clonazepam,Galenika rivotril,White,Tablet,Not Stated,Not Stated,Clonazepam,,54.11367142857143,-3.193485714285714
W072650,13 Jan 2026,LA13,Clonazepam,galenika rivotril,White,Tablet,Not Stated,Not Stated,Clonazepam,,54.11367142857143,-3.193485714285714
W072651,13 Jan 2026,LA13,Clonazepam,galenika Rivotril,White,Tablet,Not Stated,Not Stated,Clonazepam,,54.11367142857143,-3.193485714285714
W072649,13 Jan 2026,LA13,Clonazepam,Galenika Rivotril,White,Tablet,Not Stated,Not Stated,Clonazepam,,54.11367142857143,-3.193485714285714
W072718,13 Jan 2026,BH89,Diazepam,Zeepam (diazepam),Blue,Tablet,Not Stated,Not Stated,Diazepam,,50.7568,-1.8194
W072569,13 Jan 2026,SR3,Diazepam,Accord Diazepam 5mg,Yellow,Tablet,Not Stated,Not Stated,Diazepam,,54.874233333333336,-1.4153666666666669
W072660,13 Jan 2026,LS18,Diazepam 10mg,Diazepam 10mg,Blue,Tablet,Not Stated,Not Stated,Diazepam,,53.838,-1.6404
W072548,06 Jan 2026,M14,Diazepam ,martin dow valium,Blue,Tablet,Not Stated,Not Stated,Diazepam,,53.4482,-2.2257
W072547,06 Jan 2026,M14,Clonazepam,Elikem nozim,Blue,Tablet,Not Stated,Not Stated,Clonazepam,,53.4482,-2.2257
W072546,06 Jan 2026,M14,clonazepam,Neurazpharm,White,Tablet,Not Stated,Not Stated,Clonazepam,,53.4482,-2.2257
W072431,04 Jan 2026,NN56,Diazepam ,accord diazepam 5mg,Yellow,Tablet,Oral,"Euphoria, Increased Energy, Increased Confidence, Relaxed",Diazepam,,52.242575,-0.93795
W072459,06 Jan 2026,N128,alprazolam (xanax),Alprazolam,White,Tablet,Oral,"Increased Confidence, Relaxed, Memory Loss, Agitation",Tramadol,,51.6077,-0.166
W072504,06 Jan 2026,B9,Diazepam,Diazepam bensedin 10mg,White,Tablet,Not Stated,Not Stated,Diazepam,,52.4783,-1.8506
W072494,06 Jan 2026,B240,Clonazepam 2mg,Clonazepm 2mg alison,White,Tablet,Not Stated,Not Stated,Clonazepam,,52.526349999999994,-1.809
W072496,06 Jan 2026,B240,Clonazepam 2mg,clonazepam neuraexppharm 2mg,White,Tablet,Not Stated,Not Stated,Clonazepam,,52.526349999999994,-1.809
W072495,04 Jan 2026,B240,Clonazepam 2mg,Clonazepam,White,Tablet,Not Stated,Not Stated,Clonazepam,,52.526349999999994,-1.809
W072432,05 Jan 2026,N67,TRMAZEPAM,REMESTAN,Colourless,Capsule,Not Stated,Not Stated,Temazepam,,,
W072479,05 Jan 2026,SE17,VALIUM,VALIUM,"White, Blue",Liquid,Not Stated,Not Stated,Diazepam,,51.48563333333333,-0.1028333333333333
W072503,06 Jan 2026,B9,Diazepam ,Diazepam elioam 10mg,White,Tablet,Not Stated,Not Stated,Diazepam,,52.4783,-1.8506
W072617,08 Jan 2026,NR4,Diazepam,Martin dow,Blue,Tablet,Not Stated,Not Stated,Diazepam,,52.61646,1.24368
W072616,08 Jan 2026,NR4,Diazepam,Martin dow,Blue,Tablet,Not Stated,Not Stated,Diazepam,,52.61646,1.24368
W072615,08 Jan 2026,NR4,diazepam,martin dow,Blue,Tablet,Not Stated,Not Stated,Diazepam,,52.61646,1.24368
W072471,05 Jan 2026,S40,diazepam 10mg,diazepam 10mg (bensedin),White,Tablet,Not Stated,Not Stated,Ethylbromazolam,,53.234,-1.4462
W072614,08 Jan 2026,NR4,Diazepam,martin dow,Blue,Tablet,Not Stated,Not Stated,Diazepam,,52.61646,1.24368
W072619,08 Jan 2026,NR4,Diazepam,martin dow,Blue,Tablet,Not Stated,Not Stated,Diazepam,,52.61646,1.24368
W072618,08 Jan 2026,NR4,diazepam,Martin dow,Blue,Tablet,Not Stated,Not Stated,Diazepam,,52.61646,1.24368
W072599,08 Jan 2026,CM11,Diazepam 10mg,accord diazepam 10mg,Blue,Tablet,Not Stated,Not Stated,Diazepam,,51.62107142857143,0.4470142857142857
W072549,08 Jan 2026,BN6,Klonazepam,galenika rivotril 2mg klonazepam,White,Tablet,Not Stated,Not Stated,Clonazepam,,50.92262,-0.14494
W072429,08 Jan 2026,NW10,Alprazolam 1mg,ksalol galenika 1mg alprazolam,Blue,Tablet,Oral,No Effect,Ethylbromazolam,,51.53758571428572,-0.2431214285714285
W072593,08 Jan 2026,SA3,Galenika Diazepam 10mg,galeniika bensedin Diazepam 10mg,White,Tablet,Oral,"Relaxed, Headache, Memory Loss",Diazepam,,51.59142222222222,-4.136385185185185
W072592,08 Jan 2026,SA3,Diazepam 5mg,sedil diazpam BP 5mg,Orange,Tablet,Oral,"Memory Loss, Relaxed",Diazepam,,51.59142222222222,-4.136385185185185
W072454,05 Jan 2026,GU15,alprazolam ,alprex 1mg,White,Tablet,Not Stated,Not Stated,Alprazolam,,51.337,-0.7426
W072591,08 Jan 2026,SA3,Diazpam,Bensedin 10mg Diazepam,White,Tablet,Oral,"Relaxed, Memory Loss, Depression, Headache",Diazepam,,51.59142222222222,-4.136385185185185
W072559,08 Jan 2026,OX26,Diazepam,Diazepam,White,Tablet,Not Stated,Not Stated,Ethylbromazolam,,51.9,-1.1536
W072453,08 Jan 2026,CV22,Accord Diazepa 10mg,Diazepam accord 10mg,Blue,Tablet,Oral,Relaxed,Diazepam,,52.349,-1.2838
000237877,08 Jan 2026,CF32,Diazepam 10mg,Diazepam 10mg,Blue,Tablet,Not Stated,Not Stated,Ethylbromazolam,,51.536704166666674,-3.5931333333333337
000234115,08 Jan 2026,NP20,Diazepam,Not Stated,Blue,Tablet,Not Stated,Not Stated,Bromazolam,,51.5877,-2.9984
W072478,05 Jan 2026,S427,DIAZEPAM,BENSEDIN DIAZEPAM 10MG,White,Tablet,Not Stated,Not Stated,Diazepam,,53.21066,-1.4471733333333332
W072470,05 Jan 2026,S40,DIAZEPAM 10MG,DIAZEPAM 10MG (BENSEDIN),White,Tablet,Not Stated,Not Stated,Ethylbromazolam,,53.234,-1.4462
W072491,05 Jan 2026,SE1,DIAZEPAM,DIAZEPAM,White,Tablet,Not Stated,Not Stated,Diazepam,,51.49874615384616,-0.0930384615384615
000234107,08 Jan 2026,NP20,Diazepam,Not Stated,White,Tablet,Not Stated,Not Stated,Diazepam,,51.5877,-2.9984
W072489,05 Jan 2026,DL2,xanax,xanax 1mg (alprx-1),White,Tablet,Oral,No Effect,Alprazolam,,54.53115,-1.624575
W072527,08 Jan 2026,PL26,10g Diazepam,Accord diazepam tablet 10mg,Blue,Tablet,Not Stated,Not Stated,Ethylbromazolam,,50.34738918918919,-4.827086486486486
W072456,08 Jan 2026,BN3,Diazepam 5mg,diazepam 5mg accord,Yellow,Tablet,Oral,Relaxed,Diazepam,,50.836725,-0.179625
W072521,08 Jan 2026,NP22,Diazpeam,Accord Diazepam 10mg tablet,Blue,Tablet,Not Stated,Not Stated,Diazepam,,51.7725,-3.2468
W072427,05 Jan 2026,G63,HEROIN,T3-TRILOGY #3 CREAM,"Brown, Brown",Powder,Not Stated,Not Stated,"Heroin, Noscapine, 6-MAM, Diazepam, 6-Acetylcodeine","Phenacetin, Papaverine, Morphine",56.03654399999999,-4.3500119999999995
100004525,05 Jan 2026,EX32,DIAZEPAM 10MG,BENSEDIN 10MG (DIAZEPAM),White,Tablet,Not Stated,"Empathy, Relaxed",Diazepam,,51.07364,-3.97823
W072449,08 Jan 2026,SG14,Lorazepam 2mg ,Lorazepam/nerodelm,Yellow,Tablet,Not Stated,Not Stated,"Citalopram, Lorazepam",,51.811775,-0.11705
W072428,05 Jan 2026,G63,ALPRAZOLAM (XANAX-4MG),4MG XANAX,White,Tablet,Not Stated,Not Stated,Ethylbromazolam,,56.03654399999999,-4.3500119999999995
W072433,05 Jan 2026,N67,TENAZEPAM,TEMAZAP-CT,"Colourless, White",Capsule,Not Stated,Not Stated,Temazepam,,,
W072344,31 Dec 2025,G63,4MG ALPRAZOLAM ,4MG XANAX (SUPER),White,Tablet,Not Stated,Not Stated,Ethylbromazolam,,56.03654399999999,-4.3500119999999995
000231855,31 Dec 2025,LL53,diazepam,valium (diazepam) 10mg tablets ,Blue,Tablet,Oral,"Relaxed, Paranoia, Confusion, Agitation",Diazepam,,52.89524166666667,-4.493856666666668
000236271,31 Dec 2025,CF83,VALIUM (MSJ) ,SUSPECTED VALIUM DIAZEPAM,Blue,Tablet,Oral,"Increased Confidence, Relaxed",Ethylbromazolam,,51.59288333333333,-3.2333833333333337
W072440,31 Dec 2025,CF64,MSJ,Not Stated,Blue,Tablet,Oral,Not Stated,Ethylbromazolam,,51.42878,-3.21045
W072373,31 Dec 2025,PR8,Diazepam,Diazepam,White,Tablet,Not Stated,Not Stated,Medetomidine,,53.62538333333333,-3.0201
W072397,31 Dec 2025,BT17,Diazepam,Accord Diazepam,Blue,Tablet,Oral,"Relaxed, Tiredness",Ethylbromazolam,,54.56660000000001,-5.9648
000236273,31 Dec 2025,CF83,Heroin,Not Stated,White,,Smoked,No Effect,"Heroin, Noscapine, Paracetamol, 6-Acetylcodeine, 6-MAM","Caffeine, Papaverine, Diazepam, Phenacetin",51.59288333333333,-3.2333833333333337
W072231,31 Dec 2025,B26,Alprazolam/Xanax,Galenika Ksalol Alprazolam,"White, Blue",Tablet,Oral,"Euphoria, Increased Confidence, Relaxed, Memory Loss",Alprazolam,,52.45953333333333,-1.7873333333333334
W072230,31 Dec 2025,B26,Diazepam,Martin Dow Valium Diazepam,Blue,Tablet,Oral,"Euphoria, Increased Confidence, Empathy, Relaxed, Confusion",Diazepam,,52.45953333333333,-1.7873333333333334
W072365,31 Dec 2025,NW3,Diazepam,Martin Dow Valium,Blue,Tablet,Not Stated,Not Stated,Ethylbromazolam,,51.5462,-0.168075
W072391,31 Dec 2025,HA3,Lorazepam,Lorazepam (genesis),White,Tablet,Not Stated,Not Stated,Lorazepam,,51.59936666666667,-0.3307333333333333
W072306,31 Dec 2025,G63,Diazepam,bensedin Diazepam,White,Tablet,Not Stated,Not Stated,Diazepam,,56.03654399999999,-4.3500119999999995
W072303,31 Dec 2025,G63,Diazepam,Sedil Diazepam,Yellow,Tablet,Not Stated,Not Stated,Diazepam,,56.03654399999999,-4.3500119999999995
W072317,31 Dec 2025,DD1,Diazepam,Not Stated,White,Tablet,Oral,"Enhanced Senses, Relaxed, Breathlesness, Chest Pains, Nausea, Paranoia, Memory Loss, Confusion, Loss of consciousness",Medetomidine,,56.461,-2.9766
W072367,31 Dec 2025,OX4,Diazepam,Diazepam,Blue,Tablet,Not Stated,Not Stated,Ethylbromazolam,,51.723725,-1.224375
W072278,31 Dec 2025,KA11,Street Valium,10 v Valium,White,Tablet,Oral,"Increased Energy, Increased Confidence, Increased Stamina, Relaxed, Insomnia",Clonazolam,,55.613125,-4.617725
W072332,31 Dec 2025,EH25,Diazepam,Sedil Diazepam,Pink,Tablet,Not Stated,Not Stated,Diazepam,,55.8639,-3.17355
W072279,31 Dec 2025,KA11,Alprazolam XR,Alprax,Yellow,Tablet,Oral,"Euphoria, Increased Confidence, Memory Loss, Depression",Alprazolam,,55.613125,-4.617725
W072309,31 Dec 2025,G74,Alprazolam,Bl4cksven,Blue,Tablet,Not Stated,Not Stated,Alprazolam,,55.76583333333334,-4.1700333333333335
W072334,31 Dec 2025,AB16,Clonazepam,Klonazepam,White,Tablet,Oral,"Euphoria, Increased Confidence, Increased Libido, Empathy, Relaxed, Memory Loss, Confusion, Loss of consciousness",Clonazepam,,57.16,-2.1567
W072298,31 Dec 2025,OX10,Alprazolam,UK Medicals Ksalol,Blue,Tablet,Oral,No Effect,Ethylbromazolam,,51.61514705882353,-1.1267411764705884
W072350,31 Dec 2025,BT17,Diazepam,Accord Diazepam,Blue,Tablet,Oral,"Relaxed, Tiredness",Ethylbromazolam,,54.56660000000001,-5.9648
W072272,24 Dec 2025,KY11,Diazepam,Martin Dow Valium,Blue,Tablet,Oral,"Increased Confidence, Relaxed, Memory Loss",Diazepam,,56.037644444444446,-3.422588888888889
W072019,24 Dec 2025,TN39,Diazepam,Valium,Blue,Tablet,Oral,"Euphoria, Increased Energy, Increased Confidence, Enhanced Senses, Relaxed, Loss of consciousness, Agitation, Violence/Aggression",Diazepam,,50.851925,0.450875
W072241,24 Dec 2025,E17,Diazepam,Bensedin Diazepam,White,Tablet,Not Stated,Not Stated,Diazepam,,51.58758,-0.02048
W072242,24 Dec 2025,E17,Diazepam,Bensedin Diazepam,White,Tablet,Not Stated,Not Stated,Diazepam,,51.58758,-0.02048
W072055,24 Dec 2025,S42,Diazepam,Teva Diazepam,Blue,Tablet,Not Stated,Not Stated,Diazepam,,53.21066,-1.4471733333333332
W072290,24 Dec 2025,ML11,Zolpidem,Zolpidem Teva,White,Tablet,Oral,"Increased Energy, Increased Stamina, Relaxed, Chest Pains, Irregular Heartbeat, Paranoia, Agitation",Ethylbromazolam,,55.68366041666667,-3.720560416666667
W072268,24 Dec 2025,HA3,Xanax Alprazolam,Ksalol Galenika,White,Tablet,Not Stated,Not Stated,Alprazolam,,51.59936666666667,-0.3307333333333333
W072273,24 Dec 2025,AL5,Martin Dow Diazepam,Not Stated,Blue,Tablet,Not Stated,Not Stated,Diazepam,,51.8168,-0.3571
W072165,24 Dec 2025,SE14,Diazepam,Diazepam (Martin Dow),Blue,Tablet,Not Stated,Not Stated,Diazepam,,51.47646666666666,-0.0322333333333333
W072239,24 Dec 2025,GL53,Lorazepam,Lorazepam Nerodelm,Yellow,Tablet,Not Stated,Not Stated,"Citalopram, Lorazepam",,51.8192,-2.05427
W072237,24 Dec 2025,RH19,Valium,Not Stated,Blue,Tablet,Oral,"Relaxed, Confusion, Depression",Diazepam,,51.11741818181818,-0.0221727272727272
W072249,24 Dec 2025,GU23,Valium,Valium,Blue,Tablet,Not Stated,Not Stated,Diazepam,,51.30242,-0.48888
W072267,24 Dec 2025,HA3,Xanax Alprazolam,Ksalol Galenika,White,Tablet,Not Stated,Not Stated,Alprazolam,,51.59936666666667,-0.3307333333333333
W072275,24 Dec 2025,BG2,Clonazepam,Clonazepam Auden,White,Tablet,Oral,"Empathy, Relaxed",Clonazepam,,,
W072245,23 Dec 2025,BS20,Pure Bromazolam,Bromazolam powder,White,Powder,Oral,"Euphoria, Increased Energy, Increased Confidence, Relaxed, Memory Loss",Bromazolam,,51.47297999999999,-2.73821
W072192,23 Dec 2025,S3,Diazepam (Valium),Diazepam,Blue,Tablet,Oral,Relaxed,Diazepam,,53.383,-1.4659
W072198,23 Dec 2025,SK11,Alprazolam,Ksalol,Blue,Tablet,Not Stated,Not Stated,Alprazolam,,53.229638461538464,-2.14891923076923
W072197,23 Dec 2025,SK11,Diazepam,Valium,Blue,Tablet,Not Stated,Not Stated,Diazepam,,53.229638461538464,-2.14891923076923
W071975,23 Dec 2025,SK12,Martin Dow Diazepam,Martin Dow Diazepam,Colourless,Tablet,Oral,"Empathy, Relaxed",Diazepam,,53.351884210526315,-2.0920947368421055
W071769,23 Dec 2025,EX10,Diazepam,Bensedin  Diazepam,White,Tablet,Oral,No Effect,Ethylbromazolam,,50.70001666666667,-3.258891666666667
W071974,23 Dec 2025,SK12,Martin Dow Diazepam,martin Dow Diazepam,White,Tablet,Oral,"Empathy, Relaxed",Diazepam,,53.351884210526315,-2.0920947368421055
W072167,23 Dec 2025,SA13,Clonazepam,Phase 2,Yellow,Tablet,Not Stated,Not Stated,Clonazepam,,51.63321111111111,-3.670888888888888
W072040,23 Dec 2025,KY8,Valium,Not Stated,White,Tablet,Oral,"Relaxed, Paranoia, Confusion, Insomnia, Suicidal Ideation",Clonazolam,,56.209568181818184,-2.9803318181818184
W071771,23 Dec 2025,EX10,Lroazepam,Lorazepam,Yellow,Tablet,Oral,Relaxed,Nitrazepam,,50.70001666666667,-3.258891666666667
000239667,23 Dec 2025,NP4,Xanax,Not Stated,"Green, Green",Tablet,Not Stated,Not Stated,Bromazolam,,51.718515789473685,-3.030521052631579
000239666,23 Dec 2025,NP4,Xanax,Not Stated,White,Tablet,Not Stated,Not Stated,Ethylbromazolam,,51.718515789473685,-3.030521052631579
W072206,23 Dec 2025,EH17,Temazepam,Not Stated,Yellow,Capsule,Oral,"Auditory Hallucinations, Visual Hallucinations, Relaxed, Memory Loss, Loss of consciousness, Agitation, Depression",Etizolam,,55.9084,-3.128
W068909,23 Dec 2025,NE25,Alprx,Alprx Alprazolam Hab Pharmaceuticals,White,Tablet,Not Stated,Not Stated,"Tramadol, Alprazolam",,55.053425,-1.497
W068908,23 Dec 2025,NE29,Lorazepam Hemopharm,Lorazepam Hemopharmaceuticals,Blue,Tablet,Not Stated,Not Stated,Lorazepam,,55.0165,-1.4493
W072208,23 Dec 2025,SA12,Valium/MSJ,Not Stated,Blue,Tablet,Oral,"Euphoria, Increased Confidence, Relaxed, Confusion",Ethylbromazolam,,51.61181666666667,-3.7703
W071832,23 Dec 2025,OX27,Alprazolam,Alprazolam Kern Pharma,White,Tablet,Oral,No Effect,Ethylbromazolam,,51.9,-1.1536
W072152,22 Dec 2025,BT28,Diazepam,Martin Dow Roche,Blue,Powder,Oral,"Increased Confidence, Relaxed, Memory Loss, Pain Relief",Diazepam,,54.5421,-6.1562
W071745,22 Dec 2025,L25,Xanax,Nexgen Xanax,White,,Not Stated,Not Stated,"Etizolam, Alprazolam",,53.374,-2.8699999999999997
W072063,22 Dec 2025,GU31,Xanax,Xanax,White,Tablet,Oral,No Effect,Ethylbromazolam,,50.9863,-0.87712
W072080,22 Dec 2025,NG3,Diazepam,Diazepam Accord,Blue,Tablet,Oral,"Relaxed, Paranoia",Ethylbromazolam,,52.9536,-1.1505
W072061,22 Dec 2025,CR7,Diazepam,Not Stated,Blue,Tablet,Not Stated,Not Stated,Diazepam,,51.3833,-0.1
000235198,22 Dec 2025,CF24,Diazepam,Diazepam,Blue,Tablet,Oral,"Relaxed, Depression",Ethylbromazolam,,51.48,-3.18
W071973,22 Dec 2025,BT67,Diazepam,Accord Diazepam PharmaChoice,Blue,Tablet,Not Stated,Not Stated,Diazepam,,54.48503333333334,-6.287166666666667
W071770,22 Dec 2025,EX10,Nitrazepam,Nitrazepam,White,Tablet,Oral,Relaxed,Nitrazepam,,50.70001666666667,-3.258891666666667
W071982,22 Dec 2025,W4,Diazepam,Valium,Blue,Tablet,Not Stated,Not Stated,Diazepam,,51.4927,-0.258
W072123,22 Dec 2025,S11,Alprazolam,Galenika Ksalol Alprazolam,White,Tablet,Not Stated,Not Stated,Alprazolam,,53.3608,-1.5084
W071363,22 Dec 2025,EX39,Diazepam,Bensedin,White,Tablet,Oral,"Euphoria, Empathy, Relaxed, Chest Pains, Irregular Heartbeat, Paranoia, Confusion, Agitation, Insomnia, Depression, Suicidal Ideation",Diazepam,,50.99405869565218,-4.261958695652174
W072138,22 Dec 2025,BS2,Valium/Diazepam,Not Stated,Blue,Tablet,Oral,No Effect,Diazepam,,51.4552,-2.5966
W072121,22 Dec 2025,CA1,Xanax,Xanax Alprazolam IP Rlam,"Grey, White",Tablet,Not Stated,Not Stated,Tramadol,,54.89065,-2.92565
W072052,22 Dec 2025,SK4,Zolpidem tartrate teva,Zolpidem,White,Tablet,Oral,"Relaxed, Agitation, Depression",Bromazolam,,53.4191,-2.1812
W072115,22 Dec 2025,N7,Diazepam,Diazepam,Blue,Tablet,Not Stated,Not Stated,Ethylbromazolam,,51.5491,-0.1205142857142857
W071940,22 Dec 2025,G61,Alprazolam,Not Stated,Yellow,Tablet,Not Stated,Not Stated,Alprazolam,,55.9154,-4.3328
W072106,22 Dec 2025,LS10,Alprazolam,Not Stated,Blue,Tablet,Not Stated,Not Stated,Alprazolam,,53.7496,-1.5494
W072109,22 Dec 2025,SG40,Clonazepam,Clonazepam,Orange,Tablet,Oral,Relaxed,Clonazepam,,51.913845,-0.2342449999999999
W072117,22 Dec 2025,OX10,Alprazolam,Alprox XR1,Orange,Tablet,Not Stated,Not Stated,Alprazolam,,51.61514705882353,-1.1267411764705884
W071989,22 Dec 2025,OX74,Sleeping pills,Lorazepam,Yellow,Tablet,Oral,Relaxed,"Lorazepam, Citalopram",,51.91158139534883,-1.5212186046511629
W071986,22 Dec 2025,OX74,Sleeping pills,Zolpiderm,White,Tablet,Oral,Relaxed,Bromazolam,,51.91158139534883,-1.5212186046511629
W071987,22 Dec 2025,OX74,Sleeping pills,clonazepam,White,Tablet,Oral,Relaxed,Clonazepam,,51.91158139534883,-1.5212186046511629
W071991,22 Dec 2025,OX74,Sleeping pills,Elikem Lorazepam,White,Tablet,Oral,Relaxed,Lorazepam,,51.91158139534883,-1.5212186046511629
W071992,22 Dec 2025,OX74,Sleeping pills,Nitrazepam,White,Tablet,Oral,Relaxed,Nitrazepam,,51.91158139534883,-1.5212186046511629
W072039,19 Dec 2025,EH1,Diazepam,Not Stated,Blue,Tablet,Not Stated,Not Stated,Diazepam,,55.9521,-3.1965
W071971,19 Dec 2025,BT67,Diazepam,Accord Diazepam- Pharmachoice,Yellow,Tablet,Not Stated,Not Stated,Diazepam,,54.48503333333334,-6.287166666666667
W072078,19 Dec 2025,BT9,Xanax,Alxan,White,Tablet,Oral,"Euphoria, Increased Confidence, Relaxed, Loss of consciousness",Alprazolam,,54.575,-5.925
W072147,19 Dec 2025,BN1,Alprazolam,Galenika Ksalol Xanax,Blue,Tablet,Not Stated,Not Stated,Alprazolam,,50.8614,-0.1204166666666666
W072033,19 Dec 2025,NE23,Clonazepam,Not Stated,White,Tablet,Not Stated,Not Stated,Clonazepam,,55.067877777777774,-1.560788888888889
W072030,19 Dec 2025,NE23,Xanax,Pfizer Alprazolam,Pink,Tablet,Not Stated,Relaxed,Alprazolam,,55.067877777777774,-1.560788888888889
W072027,19 Dec 2025,NE23,Diazepam,Accord Diazepam,Blue,Tablet,Oral,Relaxed,Diazepam,,55.067877777777774,-1.560788888888889
W072004,19 Dec 2025,SR3,Bromazolam,Not Stated,"White, Grey",Powder,Not Stated,"Euphoria, Increased Energy, Increased Confidence, Relaxed, Memory Loss, Confusion",Bromazolam,,54.874233333333336,-1.4153666666666669
W072084,19 Dec 2025,BT47,Diazepam,Diazepam Roche Ltd,Blue,Tablet,Not Stated,Not Stated,Diazepam,,54.94983333333333,-7.084177777777778
W072082,19 Dec 2025,BT47,Clonazepam,Clonazepam Novumgem,White,Tablet,Not Stated,Not Stated,Ethylbromazolam,,54.94983333333333,-7.084177777777778
W072081,19 Dec 2025,BT47,Clonazepam,Clonazepam Tehran,White,Tablet,Not Stated,Not Stated,Clonazepam,,54.94983333333333,-7.084177777777778
W072047,19 Dec 2025,SE5,Valium,Not Stated,White,Tablet,Oral,Relaxed,Ethylbromazolam,,51.474575,-0.090125
W072048,19 Dec 2025,SE5,Xanax,Alprazolam,White,Tablet,Oral,No Effect,Tramadol,Paracetamol,51.474575,-0.090125
W072090,19 Dec 2025,SA4,Diazepam,Not Stated,Blue,Tablet,Not Stated,Not Stated,Diazepam,,51.670225,-4.059125
W071951,19 Dec 2025,SY23,Morphine,Not Stated,White,Solid,Intravenous,"Euphoria, Relaxed, Memory Loss","Paracetamol, Tramadol, Nitrazepam, Tapentadol",,52.34458541666667,-3.9885
W071941,19 Dec 2025,GG13,Xanax Bars,Tankimazim,White,,Not Stated,Not Stated,Alprazolam,,,
W072085,19 Dec 2025,NE24,Xanax,Ksalol,Blue,Tablet,Not Stated,Not Stated,Alprazolam,,55.12894,-1.53142
W071939,19 Dec 2025,GG13,Diazepam,Not Stated,Blue,Tablet,Not Stated,Not Stated,Zolpidem,,,
W071990,19 Dec 2025,BS70,Diazepam,Valium,Blue,Tablet,Not Stated,No Effect,Diazepam,,51.4767,-2.5572
W071955,19 Dec 2025,OX10,Alprazolam,Alprx,White,Tablet,Oral,No Effect,"Tramadol, Alprazolam",,51.61514705882353,-1.1267411764705884
W072023,19 Dec 2025,SG14,Lorazepam,Not Stated,Yellow,Tablet,Oral,"Increased Confidence, Relaxed, Nausea, Paranoia, Memory Loss, Confusion, Loss of consciousness, Agitation, Insomnia, Depression, Suicidal Ideation","Lorazepam, Propanolol",,51.811775,-0.11705
W072046,19 Dec 2025,HG15,Diazepam,Valium,Blue,Tablet,Oral,"Euphoria, Relaxed, Irregular Heartbeat, Nausea, Panic Attack",Diazepam,,53.99700000000001,-1.5357666666666667
W071932,19 Dec 2025,OX26,Xanax,Xanax,"White, Blue",Tablet,Not Stated,Not Stated,Bromazolam,,51.9,-1.1536
000233073,19 Dec 2025,G82,Temazepam Jellies,Not Stated,Yellow,Capsule,Oral,Relaxed,Etizolam,,55.954800000000006,-4.5815222222222225
W071830,19 Dec 2025,SW22,Diazepam tablets,Diazepam tablets TEVA,Yellow,Tablet,Not Stated,Not Stated,Diazepam,,51.4548,-0.1158
W071964,19 Dec 2025,G63,Alprazolam,Ksalol,"Blue, Grey",Tablet,Not Stated,Not Stated,Alprazolam,,56.03654399999999,-4.3500119999999995
W071963,19 Dec 2025,G63,Diazepam,Bensedin,White,Tablet,Not Stated,Not Stated,Diazepam,,56.03654399999999,-4.3500119999999995
W071998,19 Dec 2025,AB24,Diazepam,Bensedin,White,Tablet,Oral,"Memory Loss, Shaking/Shivering",Diazepam,,57.1437,-2.0981
W071768,19 Dec 2025,EX10,Lorazepam tablets,Subzentu,White,Tablet,Oral,No Effect,Lorazepam,,50.70001666666667,-3.258891666666667
W071330,19 Dec 2025,KA18,Xanax,Not Stated,White,Tablet,Not Stated,Not Stated,Sertraline,,55.459129999999995,-4.2176599999999995
W071329,19 Dec 2025,KA18,Valium,Not Stated,Blue,Tablet,Oral,"Increased Confidence, Increased Stamina, Auditory Hallucinations, Visual Hallucinations, Relaxed, Breathlesness, Irregular Heartbeat, Nausea, Paranoia, Memory Loss, Confusion, Panic Attack, Loss of consciousness, Agitation, Violence/Aggression, Insomnia, Depression, Suicidal Ideation",Bromazolam,,55.459129999999995,-4.2176599999999995
W071568,19 Dec 2025,TN39,Diazepam,Valium,Blue,Tablet,Oral,"Increased Confidence, Relaxed, Memory Loss, Increased appetite, Tiredness",Diazepam,,50.851925,0.450875
W072164,23 Dec 2025,G82,Temazepam,Not Stated,Yellow,Capsule,Oral,Relaxed,Etizolam,,55.954800000000006,-4.5815222222222225
W071804,16 Dec 2025,SW1,Lorazepam,nerodelm-1 lorazepam,White,Tablet,Not Stated,Not Stated,"Propranolol, Lorazepam, Paracetamol",,51.495583333333336,-0.1417916666666666
W071970,16 Dec 2025,KT3,Diazepam,bensedin,White,Tablet,Oral,Relaxed,Diazepam,,51.3992,-0.2556
W072020,16 Dec 2025,SN25,xanax 4mg,xanax 4mg,Blue,Tablet,Oral,Not Stated,Bromazolam,,51.558,-1.7812
W071946,16 Dec 2025,EX9,diazepam 10mg valium,diazepam 10mg valium,Blue,Tablet,Oral,"Increased Energy, Relaxed",Ethylbromazolam,,50.6475,-3.3131
W071890,16 Dec 2025,PA67,diazepam,diazepam 5mg,White,Tablet,Oral,"Euphoria, Relaxed",Diazepam,,56.3143,-6.232785714285714
W071934,16 Dec 2025,PO13,Diazepam,Bensedin,White,Tablet,Oral,"Relaxed, Memory Loss, Confusion, Panic Attack, Insomnia",Ethylbromazolam,,50.8144,-1.1886666666666663
W071898,16 Dec 2025,BT28,Diazepam,MSJ 10mg,Blue,Tablet,Oral,"Increased Confidence, Relaxed, Memory Loss, Confusion, Violence/Aggression, Depression",Ethylbromazolam,,54.5421,-6.1562
W071803,16 Dec 2025,SW1,Alprazolam,Alxan-1 alprazolam,White,Tablet,Not Stated,Not Stated,Tramadol,,51.495583333333336,-0.1417916666666666
W071885,19 Dec 2025,SE9,Diazepam 2mg tablet,Diazepam 2mg tablet,White,Tablet,Not Stated,Not Stated,Diazepam,,51.44698000000001,0.0542799999999999
W071741,16 Dec 2025,L25,diazepam 10mg,ghost diazepam,Blue,Tablet,Not Stated,Not Stated,Clobromazolam,,53.374,-2.8699999999999997
W071942,16 Dec 2025,LS18,Diazepam 10mg,diazepam 10mg,Blue,Tablet,Not Stated,Not Stated,Diazepam,,53.838,-1.6404
W071949,16 Dec 2025,W2,Diazepam 10mg,Diazepam prodes 10mg,Blue,Tablet,Not Stated,Not Stated,Ethylbromazolam,,51.51413636363636,-0.1886454545454545
W071736,16 Dec 2025,S40,Diazepam,Diazepam accord 5mg,Yellow,Tablet,Not Stated,Not Stated,Diazepam,,53.234,-1.4462
W071734,16 Dec 2025,S40,Diazepam,Diazepam accord 5mg,Yellow,Tablet,Not Stated,Not Stated,Diazepam,,53.234,-1.4462
W071744,16 Dec 2025,L25,Red devil xanax,r666 ghost,Red,,Not Stated,Not Stated,"Clobromazolam, Caffeine",,53.374,-2.8699999999999997
W071961,16 Dec 2025,CW9,valium,bensedin ,White,Tablet,Not Stated,Not Stated,Diazepam,,53.264406666666666,-2.5003200000000003
W071790,16 Dec 2025,LE11,Diazepam,UKpablo easium 5mg diaz,White,Tablet,Oral,"Increased Confidence, Relaxed, Memory Loss, Confusion",Diazepam,,52.76669999999999,-1.2
W071794,16 Dec 2025,LE11,Lorazepam,UKpablo hemofarm lorazepam,Blue,Tablet,Oral,"Increased Confidence, Relaxed",Lorazepam,,52.76669999999999,-1.2
W071796,16 Dec 2025,LE11,Alprazolam 1mg tablet,ukpablo alprx 1,White,Tablet,Oral,No Effect,Alprazolam,,52.76669999999999,-1.2
W071798,16 Dec 2025,LE11,diazepam ,Sedil 5mg Diaz,Yellow,Tablet,Oral,Relaxed,Diazepam,,52.76669999999999,-1.2
W071799,16 Dec 2025,LE11,Alprazolam,ksalol,Blue,Tablet,Oral,Not Stated,Alprazolam,,52.76669999999999,-1.2
W071800,16 Dec 2025,LE11,Nitrazepam 10mg tabs,nitrabit nitrazepam 10mg,White,Tablet,Oral,"Increased Energy, Increased Confidence, Relaxed, Memory Loss",Nitrazepam,,52.76669999999999,-1.2
W072003,16 Dec 2025,CF62,diazepam,Bensedin,White,Tablet,Oral,"Empathy, Relaxed",Diazepam,,51.4027,-3.37145
W070779,16 Dec 2025,NE10,Diazepam ,Diazepam/ Zopiclone,Blue,Tablet,Oral,"Increased Stamina, Relaxed, Memory Loss, Confusion, Panic Attack, Agitation",Zopiclone,,54.953,-1.5715
W071896,16 Dec 2025,NG18,Diazepam,martin dow,Blue,Tablet,Not Stated,Not Stated,Diazepam,,53.1333,-1.2
W071938,16 Dec 2025,G82,Street valium,Not Stated,White,Tablet,Not Stated,Not Stated,Clonazolam,,55.954800000000006,-4.5815222222222225
W071928,16 Dec 2025,KT1,Gelenika rivotril 2mg,Batch 56265,White,Tablet,Oral,"Increased Confidence, Relaxed",Clonazepam,,51.4126,-0.2974
W071891,16 Dec 2025,TS27,Temazepam,Temaepam,Yellow,Capsule,Oral,"Relaxed, Breathlesness, Irregular Heartbeat, Memory Loss, Confusion","Etizolam, Phenacetin",,54.714422222222225,-1.3049
W071913,16 Dec 2025,NP19,Xanax,Red devil 6mg (clobromolam),Red,Tablet,Oral,Insomnia,Caffeine,"Clobromazolam, Rilmazafone",51.5888,-2.9638
W071912,16 Dec 2025,NP19,Bromazolam,Geen hulk 4mg,Green,Tablet,Oral,"No Effect, Insomnia",Bromazolam,,51.5888,-2.9638
000237704,16 Dec 2025,CF39,Diazepam,10mg Accord Diazepam,Blue,,Not Stated,Not Stated,Bromazolam,,51.5988125,-3.447975
W071821,16 Dec 2025,PA67,Diazpam (valium),Valium 10mg,Blue,Tablet,Oral,Relaxed,Diazepam,,56.3143,-6.232785714285714
W071753,16 Dec 2025,LL11,Alprazolam 1mg,alprazolam 1mg,Blue,Tablet,Not Stated,Not Stated,Alprazolam,,53.064506666666674,-3.052973333333333
W071630,16 Dec 2025,N7,diazepam,Not Stated,Blue,Tablet,Not Stated,Not Stated,Ethylbromazolam,,51.5491,-0.1205142857142857
W071662,16 Dec 2025,DN58,Lorazepam 2mg,Lorazepam,Yellow,Tablet,Not Stated,Not Stated,Lorazepam,,53.53578181818182,-1.229072727272727
W071843,16 Dec 2025,WF2,MIDAZOLAM ,HYDNOFAST - MIDAZOLAM,White,Tablet,Not Stated,Not Stated,Midazolam,,53.66534,-1.51568
W071783,16 Dec 2025,CB2,ALPRAZOLAM,KSALOL GALENIKA 1MG ,Blue,Tablet,Oral,No Effect,Ethylbromazolam,,52.18965000000001,0.1240214285714285
W071827,16 Dec 2025,M16,CLONAZEPAM,MARTIN DOWN RIVOTRIL,White,Tablet,Not Stated,Not Stated,Clonazepam,,53.4551,-2.2645
W071828,16 Dec 2025,M16,CLONAZEPAM,GALENIKA RIVOTRIL,White,Tablet,Not Stated,Not Stated,Ethylbromazolam,,53.4551,-2.2645
W071536,16 Dec 2025,IP8,LORAZEPAM,LORAZEPAM,White,Tablet,Not Stated,Not Stated,Lorazepam,,52.072692307692314,1.0596
W071782,16 Dec 2025,N5,CLONAZEPAM 2MG ,NEURAX PHARM,White,Tablet,Not Stated,Not Stated,Clonazepam,,51.55,-0.1
W071814,16 Dec 2025,G53,NITRAZEPAM,NITRAZEPAM,White,Tablet,Oral,"Euphoria, Relaxed, Relaxed",Nitrazepam,,55.8141,-4.3606
W071813,16 Dec 2025,G53,DIAZEPAM,DIAZEPAM / MARTIN DOW,Black,Tablet,Oral,"Relaxed, Relaxed",Diazepam,,55.8141,-4.3606
W071327,16 Dec 2025,GU15,GALENSKIN BLASKDIN 10MG,10MG,White,Tablet,Not Stated,Not Stated,Diazepam,,51.337,-0.7426
W071740,16 Dec 2025,PE19,diazepam,diazepam - bensedin (dark amazon),White,Tablet,Oral,Relaxed,Diazepam,,52.23200555555556,-0.2409666666666666
W071738,16 Dec 2025,PE19,diazepam,diazepam - bensedin (breakololy),White,Tablet,Not Stated,Not Stated,Diazepam,,52.23200555555556,-0.2409666666666666
W071739,16 Dec 2025,PE19,clonazepam,clonazepam - Rivotril (dark amazon),White,Tablet,Not Stated,Not Stated,Clonazepam,,52.23200555555556,-0.2409666666666666
W071699,11 Dec 2025,TF13,diazepam,diaz,Blue,Tablet,Not Stated,Not Stated,Clobromazolam,,52.56572857142857,-2.602778571428572
W071618,11 Dec 2025,CH51,bensedin,Not Stated,White,Tablet,Not Stated,Not Stated,Diazepam,,53.19930000000001,-3.03614
W071718,11 Dec 2025,SR3,Diazepam,teva diazepam 10mg,Blue,Tablet,Not Stated,Not Stated,Diazepam,,54.874233333333336,-1.4153666666666669
W071777,11 Dec 2025,WR1,heroin and crack,Not Stated,"White, Brown",Powder,Not Stated,"Euphoria, Relaxed","Phenacetin, Cocaine","Noscapine, 6-MAM, Heroin, Diazepam, 6-Acetylcodeine, Papaverine",52.1894,-2.22
W070689,11 Dec 2025,OX26,Diazepam,acod diazepam,Blue,Tablet,Not Stated,Not Stated,Diazepam,,51.9,-1.1536
W071702,11 Dec 2025,SY21,diazepam,loos diaz,Blue,Tablet,Oral,"Euphoria, Relaxed, Memory Loss",Clobromazolam,,52.670813513513515,-3.1976945945945947
W071551,11 Dec 2025,E2,Diazepam,Accord diazepam n6x30 2w1,Blue,Tablet,Oral,Relaxed,Ethylbromazolam,,51.5386,-0.055525
W071552,11 Dec 2025,E2,Alprazolam,Rlam-1,"White, Grey",Tablet,Oral,No Effect,Tramadol,,51.5386,-0.055525
W071653,11 Dec 2025,B601,xanax ,xanax phizer 4mg,White,Tablet,Oral,"Relaxed, Chest Pains, Irregular Heartbeat, Nausea, Paranoia, Memory Loss",No Active Component Identified,,52.32154545454546,-2.0438
W071546,11 Dec 2025,ST15,diazepam 10mg,diazepam 10mg,Blue,Tablet,Oral,Fatigue,Diazepam,,52.90192307692307,-2.122292307692308
W071693,11 Dec 2025,SA15,xanax 2mg,xanax,White,Tablet,Oral,"Relaxed, Loss of consciousness","Ethylbromazolam, Bromazolam",,51.74003,-4.187250000000001
W071692,11 Dec 2025,SA15,xanax 1mg,alprazolam ,White,Tablet,Oral,"Relaxed, Loss of consciousness",Alprazolam,,51.74003,-4.187250000000001
W071660,11 Dec 2025,PL28,Diazepam,diazepam,Blue,Tablet,Oral,"Relaxed, Loss of consciousness",Clobromazolam,,50.5278,-4.9516875
W071643,11 Dec 2025,SK4,Diazepam,Diazepam,Blue,Tablet,Not Stated,Not Stated,Ethylbromazolam,,53.4191,-2.1812
W071708,11 Dec 2025,HA3,Xanax,Ksalol Galenika,White,Tablet,Not Stated,Not Stated,Alprazolam,,51.59936666666667,-0.3307333333333333
W071729,11 Dec 2025,HA3,Alprazolam,Xanax (alprazolam) Viatris,Pink,Tablet,Not Stated,Not Stated,Alprazolam,,51.59936666666667,-0.3307333333333333
W071721,11 Dec 2025,G15,scoobs valium,Valium,White,Tablet,Oral,Memory Loss,Clonazolam,,55.9102,-4.3733
W071387,27 Nov 2025,GL53,Temacepaul,Temacepaul TEVA 20mg ,White,,Not Stated,Not Stated,Ethylbromazolam,,51.8192,-2.05427
W071621,09 Dec 2025,SA18,Diazepam,Diazepam,Blue,Tablet,Oral,"Increased Confidence, Relaxed",Ethylbromazolam,,51.791845,-3.966785
W071788,09 Dec 2025,NG10,Diazepam,Valium,Blue,Tablet,Not Stated,Not Stated,Diazepam,,52.901475,-1.287175
W071632,09 Dec 2025,PL14,Alprazolam,Rlam-1 Alprazolam,White,Tablet,Oral,"Relaxed, Depression",Tramadol,,50.46451290322581,-4.464809677419355
W071767,09 Dec 2025,G43,Diazepam,Diazepam Bensedin,White,Tablet,Not Stated,Not Stated,Diazepam,,55.8242,-4.2962
W071645,09 Dec 2025,CF11,Xanax,Xanax,Blue,Tablet,Not Stated,Not Stated,Alprazolam,,51.48,-3.18
W071661,09 Dec 2025,DL3,Diazepam,Not Stated,Blue,Tablet,Oral,Memory Loss,Ethylbromazolam,,54.5243,-1.5504
W071751,09 Dec 2025,FK9,Valium/Diazepam,Not Stated,Blue,Tablet,Not Stated,Not Stated,Diazepam,,56.1436875,-3.9315
W071750,09 Dec 2025,FK17,Xanax/Alprazolam,Alprazolam,White,Tablet,Not Stated,Not Stated,Alprazolam,,56.24021578947369,-4.219905263157895
W071749,09 Dec 2025,FK10,Xanax/Alprazolam,Alprazolam,White,Tablet,Not Stated,Not Stated,Alprazolam,,56.10687777777778,-3.7534
W071726,09 Dec 2025,HA3,Diazepam,Diazepam,Blue,Tablet,Not Stated,Not Stated,Diazepam,,51.59936666666667,-0.3307333333333333
W071666,09 Dec 2025,MK18,Xanax,Xanax,White,Tablet,Not Stated,Not Stated,Alprazolam,,51.968651515151514,-0.965221212121212
W071667,09 Dec 2025,MK18,Xanax,Xanax,White,Tablet,Not Stated,Not Stated,Alprazolam,,51.968651515151514,-0.965221212121212
W071608,09 Dec 2025,ML3,Diazepam,V-10 Diazepam,White,Tablet,Oral,"Increased Confidence, Relaxed, Confusion",Clonazolam,,55.76254285714286,-4.045457142857143
W071706,09 Dec 2025,HA3,Xanax,Ksalol Galenika,White,Tablet,Not Stated,Not Stated,Alprazolam,,51.59936666666667,-0.3307333333333333
W071609,09 Dec 2025,ML3,Diazepam,Cambodian Diazepam,Blue,Tablet,Oral,"Euphoria, Increased Confidence, Relaxed, Memory Loss, Confusion",Diazepam,,55.76254285714286,-4.045457142857143
W071634,09 Dec 2025,IV2,Diazepam,Accord,Blue,Tablet,Not Stated,Not Stated,Ethylbromazolam,,57.4791,-4.224
W071663,09 Dec 2025,AL5,Diazepam,MBL Dextripam,Blue,Tablet,Not Stated,Not Stated,Flualprazolam,,51.8168,-0.3571
W071677,09 Dec 2025,SK14,Diazepam,Easium,White,Tablet,Not Stated,Not Stated,Diazepam,,53.45065,-2.04802
W071676,09 Dec 2025,SK14,Midazolam,Benquil Midazolam,White,Tablet,Not Stated,Not Stated,Midazolam,,53.45065,-2.04802
W071636,09 Dec 2025,AB,Diazepam,Diazepam,Yellow,Tablet,Oral,"Euphoria, Increased Confidence, Empathy, Relaxed",Diazepam,,,
W071615,09 Dec 2025,G17,Heroin,PP Heroin,White,Powder,Intravenous,"Increased Energy, Auditory Hallucinations, Visual Hallucinations, Paranoia, Confusion, Loss of consciousness","Heroin, Noscapine, Diazepam, 6-Acetylcodeine","6-MAM, Papaverine",,
W071572,09 Dec 2025,AL5,Diazepam,Diazepam,Blue,Tablet,Not Stated,Not Stated,Flualprazolam,,51.8168,-0.3571
W071633,09 Dec 2025,BT12,Alprazolam,Alxan,White,Tablet,Oral,"Relaxed, Confusion",Alprazolam,,54.583299999999994,-5.9333
W071590,09 Dec 2025,B29,Lorazepam,Lorazepam,White,Tablet,Not Stated,Not Stated,Lorazepam,,52.4393,-1.9402
000034689,03 Dec 2025,SA15,Xanax/Alprazolam,Not Stated,White,Tablet,Oral,"Euphoria, Increased Confidence, Relaxed, Paranoia, Memory Loss, Insomnia, Depression",Ethylbromazolam,,51.74003,-4.187250000000001
W071518,03 Dec 2025,KG12,Valium,Loose,Blue,Tablet,Oral,No Effect,Ethylbromazolam,,,
W071505,03 Dec 2025,B77,Diazepam,Diazepam,Blue,Tablet,Oral,Relaxed,Diazepam,,52.6158,-1.666383333333333
W071350,03 Dec 2025,ME10,Diazepam,Diazepam,Yellow,Granules,Oral,"Increased Confidence, Relaxed, Breathlesness, Chest Pains, Irregular Heartbeat, Memory Loss, Confusion",Diazepam,,51.345,0.738475
W071228,03 Dec 2025,WA8,Valium,Diazepam,Blue,Tablet,Oral,Relaxed,Ethylbromazolam,,53.36992857142857,-2.7397142857142858
W071227,28 Nov 2025,WA7,Diazepam,Diazepam,White,Tablet,Oral,"Euphoria, Increased Confidence, Relaxed",Diazepam,,53.324125,-2.7118
W071491,28 Nov 2025,SP2,Alprazolam,Rlam-I Hr Nice,White,Tablet,Oral,No Effect,Tramadol,,51.094766666666665,-1.8667555555555555
W071454,28 Nov 2025,LU13,Valium,Valium,Blue,,Not Stated,Not Stated,Ethylbromazolam,,51.8693,-0.42528
W067835,28 Nov 2025,BN14,Alprazolam,Alprazolam RLAM-1,White,Tablet,Oral,Relaxed,Tramadol,,50.841075,-0.386625
W071372,28 Nov 2025,PA10,Lorazepam,Lorazepam,White,Tablet,Oral,Relaxed,Lorazepam,,55.8316,-4.544733333333333
W070951,28 Nov 2025,BA21,Diazepam,Accord Diazepam,Blue,Tablet,Not Stated,Not Stated,Paracetamol,Bromazolam,50.9743,-2.6077
W071467,28 Nov 2025,E96J,Diazepam,Accord Diazepam,Blue,Tablet,Oral,No Effect,Ethylbromazolam,,,
W071469,28 Nov 2025,YO10,Lorazepam,Neurodelm-2 Lorazepam,Yellow,Tablet,Not Stated,Not Stated,Unable to identify,,53.9576,-1.0827
W071251,28 Nov 2025,CF63,"Midazolam ""Incepta Pharmacy""",Hypofast Midazolam,White,Tablet,Not Stated,Not Stated,Midazolam,,51.4172,-3.2614
W071325,28 Nov 2025,PA67,Diazepam,Teva,Yellow,Tablet,Oral,Relaxed,Diazepam,,56.3143,-6.232785714285714
W071446,28 Nov 2025,EN2,Valium (Diazepam),Diazepam,Yellow,Tablet,Not Stated,Not Stated,Diazepam,,51.6515,-0.085
W071456,28 Nov 2025,NE41,Clonazepam,Rivotril,White,Tablet,Not Stated,Not Stated,Ethylbromazolam,,54.9765,-1.8219
W071389,28 Nov 2025,HX7,Diazepam,Not Stated,Blue,Tablet,Oral,"No Effect, Memory Loss, Loss of consciousness, Insomnia",Zopiclone,,53.734109090909094,-2.0200181818181817
W071409,28 Nov 2025,HP22,Clonazepam,Galenika,White,Tablet,Oral,Not Stated,Clonazepam,,51.83288095238095,-0.786652380952381
W071376,28 Nov 2025,NW10,Lorazepam,Lorazepam,White,Tablet,Not Stated,Not Stated,Lorazepam,,51.53758571428572,-0.2431214285714285
W071033,27 Nov 2025,SG17,RIVATROL,RIVATROL,White,Tablet,Not Stated,Not Stated,Ethylbromazolam,,52.03746,-0.3404399999999999
W071398,27 Nov 2025,SW34,DIAZEPAM,DIAZEPAM,Green,Tablet,Oral,"Relaxed, Relaxed, Confusion, Confusion",Ethylbromazolam,,51.487975000000006,-0.165875
000237874,27 Nov 2025,CF31,5MG DIAZIPAM,Not Stated,Yellow,Tablet,Not Stated,Not Stated,Diazepam,,51.507666666666665,-3.577733333333333
W071358,27 Nov 2025,WS3,diazepam 5mg,diazepam 5mg,Yellow,Tablet,Not Stated,Not Stated,Diazepam,,52.6236,-1.9858333333333336
W071360,27 Nov 2025,WS3,diazepam 5mg,diazepam 5mg ,Yellow,Tablet,Not Stated,Not Stated,Diazepam,,52.6236,-1.9858333333333336
W071359,27 Nov 2025,WS3,diazepam 5mg,diazepam 5mg ,Yellow,Tablet,Not Stated,Not Stated,Diazepam,,52.6236,-1.9858333333333336
W071357,27 Nov 2025,WS3,diazepam 5mg tablet,diazepam 5mg,Yellow,Tablet,Not Stated,Not Stated,Diazepam,,52.6236,-1.9858333333333336
W071204,27 Nov 2025,G75,xanax / alprazolam,Not Stated,White,Tablet,Oral,"Nausea, Memory Loss, Confusion, Loss of consciousness",Flualprazolam,,55.7511,-4.1977
W071399,27 Nov 2025,SW34,alprazolam,alprazolam,Blue,Tablet,Oral,"Relaxed, Relaxed, Memory Loss, Memory Loss",Ethylbromazolam,,51.487975000000006,-0.165875
W071242,27 Nov 2025,LL11,XANAX,XANAX,White,Tablet,Not Stated,Not Stated,Alprazolam,,53.064506666666674,-3.052973333333333
W071369,27 Nov 2025,N16,lorazepam,lorazepam ,Blue,Tablet,Not Stated,Not Stated,Lorazepam,,51.5625,-0.074
W071384,27 Nov 2025,CF62,diazepam ,diazepam ,Blue,Tablet,Oral,"Empathy, Relaxed",Diazepam,,51.4027,-3.37145
W071355,27 Nov 2025,WS3,DIAZEPAM 5MG,DIAZEPAM 5MG,Yellow,Tablet,Oral,Relaxed,Diazepam,,52.6236,-1.9858333333333336
W071262,27 Nov 2025,GL56,ALPRAZOLAM,ALXAN-2,White,Tablet,Not Stated,Not Stated,Tramadol,,51.985225,-1.69868
W071348,27 Nov 2025,LS12,diazepam,galenika - bensedin 10mg diazepam ,White,Tablet,Not Stated,Not Stated,Diazepam,,53.7913,-1.5972
W071351,27 Nov 2025,ME10 5JU,LORAZEPAM 2MG,LORAZEPAM / ATIVAN 2MG ,Orange,Tablet,Oral,"Increased Confidence, Relaxed, Chest Pains, Irregular Heartbeat, Confusion, Memory Loss",Lorazepam,,51.345,0.738475
W071392,27 Nov 2025,TR1,DIAZEPAM 10MG,MARTIN DOW,Blue,Tablet,Not Stated,Not Stated,Diazepam,,50.2637,-5.06268
W071393,27 Nov 2025,TR1,ALPRAZOLAM 1MG,Not Stated,White,Tablet,Not Stated,Not Stated,Alprazolam,,50.2637,-5.06268
W071349,27 Nov 2025,BT11,diazepam,valium martin dow ,Blue,Tablet,Oral,Relaxed,Diazepam,,54.58096666666667,-5.9665
W071279,24 Nov 2025,NE26,ALPRAZOLAM KSALOL ALPRAZOLAM ,Not Stated,White,Tablet,Not Stated,Not Stated,Bromazolam,,55.054950000000005,-1.457775
W071253,24 Nov 2025,SW22,diazepam 5mg tablets,diazepam 5mg tablets accord ,Yellow,Tablet,Not Stated,Not Stated,Diazepam,,51.4548,-0.1158
W071147,24 Nov 2025,DD2,clonazepam,pase 2mg,Yellow,Tablet,Oral,"Euphoria, Increased Energy, Increased Confidence, Empathy, Relaxed",Clonazepam,,56.47777692307693,-3.0589461538461538
W071149,24 Nov 2025,DD2,ALPRAZOLAM,Alprax 1mg XR,Orange,Tablet,Oral,"Euphoria, Increased Energy, Increased Stamina, Relaxed, Irregular Heartbeat",Alprazolam,,56.47777692307693,-3.0589461538461538
W071150,24 Nov 2025,DD2,CLONAZEPAM,RIVOTRIL 2MG,White,Tablet,Oral,No Effect,Ethylbromazolam,,56.47777692307693,-3.0589461538461538
W071487,03 Dec 2025,RH1,Valium/Diazepam,Kern prodes Diazepam,White,Tablet,Oral,No Effect,Diazepam,,51.2289125,-0.1439625
W071488,03 Dec 2025,RH1,Rivotril,Galnieka rivotril,White,Tablet,Oral,"Enhanced Senses, Relaxed, Memory Loss",Clonazepam,,51.2289125,-0.1439625
000234499,03 Dec 2025,CF10,Diazepam,Not Stated,White,Tablet,Oral,"Euphoria, Increased Confidence, Relaxed, Irregular Heartbeat, Memory Loss, Confusion, Loss of consciousness, Panic Attack",Diazepam,,51.48,-3.18
W071603,03 Dec 2025,SK12,Diazepam,Sedil Diazepam,White,Tablet,Not Stated,Not Stated,Diazepam,,53.351884210526315,-2.0920947368421055
W071594,03 Dec 2025,M44,Diazepam tabs,Not Stated,Blue,Tablet,Oral,"Increased Confidence, Relaxed, Tiredness, Headache",Ethylbromazolam,Bromazolam,53.4425,-2.4232
000234331,03 Dec 2025,CF11,Clonazepam,Clonazepam,White,Tablet,Not Stated,Relaxed,Clonazepam,,51.48,-3.18
W071538,03 Dec 2025,GL54,Clonazepam,Rivotril Galenika,White,Tablet,Oral,Nausea,Paracetamol,Bromazolam,51.88724642857143,-1.8609214285714288
W071610,03 Dec 2025,TW7,Alprazolam,Alprax XR2 Alprazolam,"White, Yellow",Tablet,Not Stated,Not Stated,Alprazolam,,51.4752,-0.3425
W071557,03 Dec 2025,NP22,Diazepam,Accord Diaezpem tabelt,Blue,Tablet,Not Stated,Not Stated,Ethylbromazolam,,51.7725,-3.2468
W071537,03 Dec 2025,GL54,Diazepam,Dow Pakistan,Blue,Tablet,Oral,"Euphoria, Empathy, Visual Hallucinations, Memory Loss",Diazepam,,51.88724642857143,-1.8609214285714288
